2021-01-01 00:00:00, 14340.56, 2447.67, 131.50, 69.52, 221.54, 13.15, 1800.46, 774.65, 0.29, 80.94, 6439.17, 4.16, 2.22, 236.04
2021-01-01 08:00:00, 18674.25, 5311.24, 332.36, 161.39, 493.51, 25.97, 2993.03, 1151.17, 99.95, 89.89, 7106.47, 2414.71, 190.09, 721.96
2021-01-01 16:00:00, 20314.20, 6454.65, 329.32, 200.94, 841.00, 3.16, 3419.07, 2040.98, 56.55, 98.66, 8664.12, 282.17, 500.91, 1203.89
2021-01-02 00:00:00, 8970.52, 2287.96, 212.46, 47.68, 126.31, 1.63, 1893.66, 617.59, 0.31, 139.31, 865.20, 4.92, 2.45, 299.98
2021-01-02 08:00:00, 8837.33, 4117.27, 364.34, 115.00, 370.23, 33.02, 3723.95, 598.33, 7.20, 93.39, 76.23, 177.12, 246.10, 759.76
2021-01-02 16:00:00, 13962.87, 6655.63, 290.27, 147.40, 804.03, 3.18, 4692.37, 2906.19, 4.15, 85.01, 288.04, 2163.67, 595.87, 1094.79
2021-01-03 00:00:00, 22398.20, 2997.65, 46.22, 52.14, 298.07, 2.76, 2400.83, 637.24, 9.84, 67.48, 15177.52, 23.95, 1.89, 398.71
2021-01-03 08:00:00, 13126.53, 4701.63, 141.28, 92.31, 490.86, 1.57, 3809.76, 1732.83, 35.24, 71.23, 5234.99, 99.80, 40.54, 771.44
2021-01-03 16:00:00, 16192.86, 4841.36, 109.67, 95.93, 553.43, 2.64, 4164.11, 1880.05, 0.87, 65.27, 7200.05, 5.20, 254.02, 875.98
2021-01-04 00:00:00, 13462.11, 2716.54, 87.62, 59.23, 345.83, 25.42, 1945.06, 624.26, 0.56, 65.63, 5751.92, 4.87, 2.66, 391.99
2021-01-04 08:00:00, 8921.02, 3737.21, 197.74, 100.52, 135.35, 40.07, 4720.96, 592.30, 1.91, 68.49, 75.90, 141.75, 516.36, 657.04
2021-01-04 16:00:00, 12695.70, 3627.05, 314.46, 137.03, 645.84, 11.36, 1728.21, 1365.12, 118.18, 69.90, 2554.83, 6.56, 757.81, 843.93
2021-01-05 00:00:00, 19774.79, 2709.64, 139.14, 62.89, 222.64, 2.66, 1991.34, 712.40, 0.34, 50.02, 12247.34, 3.87, 1.95, 284.44
2021-01-05 08:00:00, 10141.88, 4174.40, 307.93, 124.91, 207.80, 4.41, 3964.52, 595.35, 104.60, 62.51, 1261.94, 356.22, 332.07, 1049.80
2021-01-05 16:00:00, 18589.26, 4287.50, 244.02, 138.27, 439.24, 18.40, 2819.96, 1206.08, 11.17, 64.22, 6848.50, 1874.12, 375.29, 827.87
2021-01-06 00:00:00, 19090.27, 2674.11, 22.81, 52.66, 323.08, 2.67, 2002.03, 634.93, 0.28, 47.07, 11379.90, 360.95, 2.33, 400.41
2021-01-06 08:00:00, 11645.50, 4390.42, 300.76, 128.45, 448.89, 1.66, 3071.09, 1419.86, 62.70, 62.42, 3208.57, 89.89, 385.67, 930.15
2021-01-06 16:00:00, 15264.13, 6908.73, 244.21, 118.76, 728.88, 8.14, 3017.69, 1753.73, 0.78, 52.66, 4904.78, 5.40, 337.59, 520.15
2021-01-07 00:00:00, 18532.81, 3224.45, 229.57, 49.70, 124.82, 2.32, 3140.30, 632.89, 0.58, 85.80, 11009.99, 3.72, 1.70, 395.54
2021-01-07 08:00:00, 17280.51, 4712.39, 291.06, 112.11, 196.01, 13.50, 4761.84, 607.84, 1.99, 63.28, 9234.50, 95.87, 172.24, 943.15
2021-01-07 16:00:00, 19817.78, 5115.48, 204.39, 112.36, 527.04, 11.56, 3783.11, 1040.56, 39.18, 51.68, 9869.40, 306.36, 123.53, 806.40
2021-01-08 00:00:00, 16562.96, 3760.54, 22.24, 45.07, 299.66, 2.32, 4527.50, 627.63, 0.39, 37.75, 9212.92, 4.31, 2.07, 306.86
2021-01-08 08:00:00, 19908.53, 3573.66, 141.76, 103.32, 155.62, 91.09, 3425.26, 612.60, 8.64, 50.00, 10095.47, 1952.16, 393.65, 831.61
2021-01-08 16:00:00, 18238.33, 5725.70, 327.25, 132.51, 815.06, 12.25, 6243.50, 626.78, 1.09, 45.84, 8753.60, 118.94, 149.04, 712.46
2021-01-09 00:00:00, 16814.38, 3699.47, 66.98, 58.67, 490.02, 2.35, 3753.16, 630.01, 28.55, 39.58, 9492.20, 3.84, 1.61, 626.13
2021-01-09 08:00:00, 17290.49, 3496.30, 171.84, 94.72, 255.76, 1.83, 3549.07, 608.03, 25.23, 47.28, 9043.71, 152.44, 626.80, 568.78
2021-01-09 16:00:00, 19339.77, 4805.91, 158.83, 105.26, 538.66, 12.40, 3412.63, 1561.68, 4.94, 43.84, 9915.15, 3.99, 309.41, 649.07
2021-01-10 00:00:00, 17024.82, 3696.18, 44.97, 49.32, 231.57, 2.42, 4630.86, 628.42, 0.90, 36.39, 9757.99, 1.22, 1.74, 461.78
2021-01-10 08:00:00, 21468.49, 4794.69, 362.55, 128.49, 223.99, 1.47, 4077.39, 1207.91, 73.99, 50.68, 11286.14, 2484.80, 320.03, 761.35
2021-01-10 16:00:00, 18997.87, 4585.35, 273.51, 120.46, 490.04, 2.08, 4014.24, 1623.90, 0.60, 44.53, 10221.90, 8.47, 153.36, 657.08
2021-01-11 00:00:00, 19139.48, 2780.91, 25.37, 54.80, 161.46, 2.44, 2119.19, 860.67, 0.56, 30.08, 12015.40, 3.48, 1.67, 523.72
2021-01-11 08:00:00, 21442.25, 4936.14, 367.90, 118.76, 537.45, 1048.56, 3814.45, 615.23, 1.87, 47.65, 11881.61, 207.74, 411.91, 673.75
2021-01-11 16:00:00, 20279.97, 4034.99, 203.63, 119.22, 472.27, 1308.65, 2906.99, 926.57, 5.63, 38.74, 11075.50, 3.47, 160.32, 1126.58
2021-01-12 00:00:00, 16879.67, 2562.14, 214.20, 46.95, 122.57, 2.24, 1989.05, 630.56, 0.27, 71.38, 9505.19, 4.24, 1.69, 305.71
2021-01-12 08:00:00, 20828.81, 4568.96, 226.94, 101.64, 263.93, 2260.39, 4296.43, 615.91, 1.43, 49.00, 11028.54, 9.15, 101.87, 804.48
2021-01-12 16:00:00, 18803.41, 3881.48, 305.55, 158.79, 724.76, 1535.64, 1930.39, 1112.88, 43.29, 41.77, 10335.05, 4.71, 29.36, 1042.91
2021-01-13 00:00:00, 11145.66, 2973.44, 25.26, 49.56, 135.98, 2.34, 3135.36, 679.31, 0.47, 31.53, 10425.36, 3.95, 1.43, 491.73
2021-01-13 08:00:00, 12671.63, 3254.34, 170.35, 85.38, 131.43, 15.23, 3044.88, 622.74, 84.70, 45.17, 11657.14, 7.53, 191.86, 443.00
2021-01-13 16:00:00, 12579.82, 4079.81, 262.06, 97.03, 723.78, 14.68, 2667.11, 645.10, 13.71, 47.97, 10640.98, 1.82, 56.60, 742.00
2021-01-14 00:00:00, 12375.20, 2858.20, 0.23, 40.94, 313.03, 2.30, 2956.68, 650.50, 0.46, 35.42, 11623.92, 1.17, 1.19, 311.86
2021-01-14 08:00:00, 12784.33, 2896.50, 165.30, 90.34, 231.77, 92.30, 2352.42, 632.08, 21.92, 42.38, 11433.13, 6.73, 305.34, 769.54
2021-01-14 16:00:00, 16077.16, 3786.31, 211.06, 106.87, 745.86, 7.34, 2303.10, 649.12, 29.25, 34.20, 11322.98, 2276.32, 4.41, 744.21
2021-01-15 00:00:00, 12456.42, 2476.23, 88.65, 46.77, 469.74, 2.68, 2026.81, 648.18, 0.42, 41.12, 11635.80, 26.00, 1.31, 170.86
2021-01-15 08:00:00, 13116.04, 4332.71, 281.91, 103.70, 216.62, 2.02, 3340.29, 633.76, 44.83, 47.81, 11535.72, 85.56, 510.05, 857.21
2021-01-15 16:00:00, 14503.79, 4236.81, 165.84, 95.44, 718.37, 8.67, 2332.51, 1344.74, 0.55, 48.46, 11338.94, 5.06, 335.77, 768.66
2021-01-16 00:00:00, 12710.43, 2830.59, 92.02, 51.14, 285.26, 2.52, 2550.73, 651.99, 0.90, 46.49, 11763.41, 4.00, 1.31, 503.75
2021-01-16 08:00:00, 14816.40, 3858.93, 191.08, 119.73, 247.83, 1.96, 2035.68, 631.48, 66.11, 59.14, 11371.62, 281.07, 501.20, 715.83
2021-01-16 16:00:00, 16715.61, 3894.12, 290.94, 125.23, 796.83, 2.20, 1822.26, 650.64, 0.68, 71.46, 11430.51, 1851.38, 315.48, 720.37
2021-01-17 00:00:00, 13061.73, 3108.25, 260.69, 44.71, 471.65, 2.80, 2864.21, 652.51, 0.70, 94.90, 11725.03, 24.39, 1.62, 445.30
2021-01-17 08:00:00, 13416.65, 4811.52, 377.44, 129.01, 579.67, 1.79, 2604.30, 1909.30, 12.16, 67.33, 11426.08, 283.84, 289.07, 1013.99
2021-01-17 16:00:00, 16414.39, 6228.63, 395.35, 139.98, 811.40, 98.44, 3166.71, 1801.98, 66.79, 73.29, 11434.17, 28.61, 423.97, 728.20
2021-01-18 00:00:00, 12508.55, 2959.13, 23.57, 47.79, 134.60, 2.56, 3250.97, 650.40, 0.37, 46.57, 11749.60, 4.07, 1.26, 359.01
2021-01-18 08:00:00, 12906.11, 3648.45, 213.66, 111.07, 145.13, 10.16, 3515.48, 633.73, 31.78, 60.08, 11574.64, 203.28, 158.23, 1066.41
2021-01-18 16:00:00, 16490.57, 3893.31, 162.80, 135.43, 479.63, 2.10, 2713.10, 1475.34, 0.43, 50.16, 11361.68, 2390.28, 254.24, 689.19
2021-01-19 00:00:00, 12734.40, 3697.70, 47.99, 47.79, 315.03, 1.95, 4451.49, 652.17, 0.51, 52.58, 11812.57, 4.38, 1.41, 423.49
2021-01-19 08:00:00, 13294.47, 3848.50, 280.82, 107.28, 327.86, 13.82, 3986.72, 632.12, 25.53, 57.44, 11489.97, 10.92, 569.85, 991.53
2021-01-19 16:00:00, 15650.36, 5815.85, 371.37, 125.11, 849.67, 2.16, 4589.00, 1610.84, 49.71, 64.29, 11527.93, 4.74, 330.48, 843.60
2021-01-20 00:00:00, 12487.99, 2674.21, 50.06, 53.85, 314.09, 2.43, 2398.61, 651.35, 0.49, 44.65, 11640.32, 4.34, 1.06, 320.78
2021-01-20 08:00:00, 13790.83, 5484.93, 424.11, 126.85, 467.56, 9.65, 4330.11, 1146.64, 15.61, 61.72, 11624.30, 127.97, 90.18, 908.47
2021-01-20 16:00:00, 13276.60, 4679.91, 167.07, 119.26, 497.40, 1.82, 4630.87, 1395.71, 0.80, 49.04, 11459.69, 6.01, 257.79, 920.36
2021-01-21 00:00:00, 14836.27, 3975.34, 267.19, 60.34, 135.43, 1.86, 4865.87, 651.68, 0.73, 85.70, 11781.32, 2084.60, 3.73, 383.91
2021-01-21 08:00:00, 13139.35, 4273.31, 330.38, 140.70, 630.12, 2.77, 4771.77, 631.88, 43.79, 51.58, 11567.66, 129.48, 337.20, 515.37
2021-01-21 16:00:00, 13783.09, 3775.76, 293.73, 127.35, 746.05, 24.52, 3199.79, 650.37, 20.98, 53.83, 11454.79, 21.41, 594.97, 1077.93
2021-01-22 00:00:00, 12576.06, 2777.85, 26.39, 45.76, 145.58, 2.29, 2453.83, 652.00, 0.31, 38.28, 11779.37, 4.33, 1.80, 379.63
2021-01-22 08:00:00, 12961.95, 4702.62, 254.52, 104.98, 229.89, 71.26, 5050.47, 631.52, 1.59, 56.21, 11461.12, 74.43, 356.25, 912.54
2021-01-22 16:00:00, 14897.59, 4506.73, 230.35, 115.07, 617.46, 33.96, 3179.70, 1119.98, 15.48, 45.12, 11446.32, 4.41, 65.29, 543.40
2021-01-23 00:00:00, 14835.93, 3769.25, 26.29, 59.36, 316.14, 1.97, 4269.38, 652.41, 0.32, 28.32, 11886.11, 2216.47, 4.35, 633.07
2021-01-23 08:00:00, 13001.24, 4450.66, 438.14, 144.47, 406.54, 2.22, 4101.05, 799.48, 18.88, 42.41, 11584.16, 31.17, 176.80, 633.04
2021-01-23 16:00:00, 14838.96, 6754.82, 262.41, 134.73, 530.83, 1.95, 6062.39, 2114.21, 2.78, 43.76, 11451.85, 77.97, 351.02, 850.67
2021-01-24 00:00:00, 12644.88, 4589.32, 24.69, 48.58, 159.97, 1.75, 6298.71, 836.84, 0.71, 27.76, 11854.23, 4.05, 1.29, 357.17
2021-01-24 08:00:00, 14654.42, 6402.83, 551.74, 147.43, 414.21, 16.34, 4124.18, 1963.92, 148.10, 55.17, 11569.13, 11.95, 397.47, 1202.05
2021-01-24 16:00:00, 14186.89, 5068.96, 214.33, 123.24, 581.89, 9.10, 3851.73, 1537.74, 75.05, 39.71, 11484.17, 4.61, 3.33, 383.69
2021-01-25 00:00:00, 12881.69, 4296.95, 283.03, 62.14, 310.95, 1.76, 5096.65, 651.54, 0.36, 70.24, 11763.02, 4.19, 1.85, 391.15
2021-01-25 08:00:00, 5960.47, 4036.39, 363.88, 152.22, 415.26, 1.56, 3177.74, 813.91, 92.13, 42.89, 1541.50, 2077.29, 96.10, 1166.89
2021-01-25 16:00:00, 1193.46, 2522.78, 0.10, 62.27, 212.67, 1.76, 3597.59, 625.39, 0.50, 18.87, 13.81, 28.72, 1.68, 430.49
2021-01-26 00:00:00, 1187.35, 2517.75, 0.08, 47.84, 123.76, 2.19, 3904.50, 625.49, 0.92, 21.15, 12.84, 27.64, 2.20, 258.31
2021-01-26 08:00:00, 1186.89, 2299.27, 0.09, 73.11, 115.38, 1.46, 3291.05, 603.27, 1.00, 17.95, 15.01, 36.65, 3.97, 448.96
2021-01-26 16:00:00, 1175.33, 2948.53, 0.09, 58.55, 213.08, 2.20, 4457.64, 624.81, 1.15, 20.52, 12.13, 27.87, 2.13, 449.32
2021-01-27 00:00:00, 1184.15, 2821.94, 0.08, 47.25, 125.55, 2.19, 4338.26, 626.70, 1.42, 18.95, 13.12, 27.72, 1.70, 439.18
2021-01-27 08:00:00, 1181.31, 2125.81, 0.08, 70.38, 96.82, 1.41, 3189.78, 602.91, 1.23, 16.01, 15.42, 38.39, 4.25, 219.93
2021-01-27 16:00:00, 1174.69, 2698.28, 0.08, 58.73, 213.78, 2.07, 3725.92, 625.02, 1.29, 18.53, 12.85, 28.47, 2.00, 659.05
2021-01-28 00:00:00, 1182.59, 2936.12, 0.08, 47.73, 125.30, 2.34, 4609.24, 625.37, 1.27, 16.89, 12.78, 27.69, 1.69, 410.31
2021-01-28 08:00:00, 1335.64, 3674.87, 116.80, 76.11, 122.71, 10.91, 5506.01, 602.33, 29.12, 23.21, 26.17, 38.58, 4.15, 537.23
2021-01-28 16:00:00, 13667.75, 5604.72, 336.53, 113.27, 659.60, 39.53, 6980.60, 718.58, 0.83, 39.59, 11584.59, 71.80, 377.23, 682.69
2021-01-29 00:00:00, 12569.15, 5469.23, 26.86, 46.67, 462.05, 1.63, 7794.82, 649.71, 1.76, 24.21, 11815.53, 4.86, 1.63, 488.58
2021-01-29 08:00:00, 13753.95, 4691.39, 442.60, 135.60, 213.13, 7.12, 3665.84, 634.93, 59.16, 42.51, 11715.24, 223.85, 397.29, 928.99
2021-01-29 16:00:00, 15216.93, 5919.70, 200.94, 122.23, 556.64, 11.63, 5649.47, 649.61, 0.61, 32.05, 11438.68, 6.16, 402.44, 721.47
2021-01-30 00:00:00, 12649.86, 4637.03, 24.74, 42.65, 136.52, 1.64, 6620.03, 651.41, 0.71, 26.67, 11875.11, 5.01, 1.28, 389.61
2021-01-30 08:00:00, 13921.76, 5787.67, 468.25, 144.55, 267.42, 8.92, 5296.87, 635.84, 31.55, 38.37, 11770.85, 322.03, 200.30, 944.24
2021-01-30 16:00:00, 16000.67, 6019.48, 324.31, 125.71, 539.56, 19.81, 4688.93, 882.58, 0.41, 37.30, 11477.18, 93.25, 237.64, 711.31
2021-01-31 00:00:00, 14778.18, 4690.65, 287.67, 64.06, 178.33, 1.74, 6100.76, 992.04, 0.32, 67.34, 11828.49, 1916.54, 3.98, 236.31
2021-01-31 08:00:00, 15101.77, 6133.34, 391.98, 119.82, 212.12, 1669.54, 5767.47, 1317.40, 6.76, 44.52, 11631.29, 316.45, 307.27, 821.92
2021-01-31 16:00:00, 15156.45, 5003.34, 250.35, 119.00, 628.40, 1425.78, 4606.90, 1471.40, 0.62, 32.63, 11460.00, 62.84, 598.80, 779.74
2021-02-01 00:00:00, 12521.92, 4050.91, 0.24, 44.15, 312.03, 1.68, 5289.10, 649.01, 0.44, 18.03, 11802.14, 4.76, 1.27, 380.40
2021-02-01 08:00:00, 13926.90, 5676.74, 404.24, 133.57, 275.90, 16.36, 6302.63, 633.80, 41.40, 38.48, 11697.59, 149.33, 316.56, 718.93
2021-02-01 16:00:00, 16625.07, 6226.60, 248.12, 133.64, 727.12, 1.93, 5044.72, 1546.01, 0.54, 35.49, 11489.38, 1159.08, 282.98, 674.92
2021-02-02 00:00:00, 13662.51, 3073.51, 23.89, 44.19, 474.08, 1.88, 3093.33, 647.76, 0.43, 15.44, 11765.17, 1226.20, 2.67, 267.53
2021-02-02 08:00:00, 14058.11, 5866.39, 300.20, 126.46, 382.39, 33.52, 5862.83, 630.87, 3.27, 43.89, 11564.73, 82.71, 398.21, 1142.12
2021-02-02 16:00:00, 15636.90, 6198.03, 393.15, 132.63, 690.09, 10.67, 3899.81, 1955.68, 1.31, 51.38, 10749.43, 65.03, 579.03, 1147.92
2021-02-03 00:00:00, 10991.09, 3050.94, 28.32, 45.92, 134.28, 2.82, 3215.29, 656.03, 0.73, 16.97, 10213.42, 4.39, 2.17, 612.36
2021-02-03 08:00:00, 13724.95, 4758.54, 240.50, 116.93, 164.58, 136.68, 4717.95, 630.29, 22.55, 31.14, 11682.29, 213.26, 340.39, 945.18
2021-02-03 16:00:00, 17123.56, 4894.12, 342.84, 137.08, 622.08, 11.87, 4025.82, 1371.22, 0.49, 38.35, 11534.76, 2055.11, 651.45, 670.52
2021-02-04 00:00:00, 12916.76, 2741.36, 220.90, 43.41, 152.64, 2.33, 2197.05, 904.33, 0.53, 58.56, 11860.02, 25.75, 1.55, 389.26
2021-02-04 08:00:00, 13009.63, 3094.02, 309.24, 112.48, 232.08, 29.68, 1900.42, 667.68, 0.78, 33.54, 11816.71, 79.80, 22.99, 860.07
2021-02-04 16:00:00, 14268.93, 4352.38, 243.52, 125.34, 468.75, 2.01, 2726.09, 1835.91, 1.48, 32.44, 11656.31, 5.26, 492.84, 745.04
2021-02-05 00:00:00, 12446.06, 2967.10, 24.71, 43.10, 129.99, 1.92, 3250.51, 648.62, 0.58, 19.93, 11708.76, 4.86, 1.60, 348.81
2021-02-05 08:00:00, 13212.08, 3581.97, 258.90, 115.65, 185.58, 67.09, 3523.47, 632.71, 86.58, 38.04, 11608.54, 176.50, 385.51, 851.52
2021-02-05 16:00:00, 17463.11, 5024.03, 283.20, 132.81, 616.01, 1.99, 3356.89, 2015.63, 1.76, 37.67, 11625.92, 2559.84, 622.84, 918.34
2021-02-06 00:00:00, 12825.05, 3575.43, 47.61, 50.45, 151.00, 6.49, 3764.82, 847.48, 0.40, 20.57, 11848.34, 212.39, 2.31, 428.71
2021-02-06 08:00:00, 13166.79, 4257.82, 329.92, 108.55, 200.85, 9.07, 5156.16, 635.01, 14.79, 41.86, 11662.78, 14.31, 51.70, 648.20
2021-02-06 16:00:00, 13937.76, 4699.90, 252.34, 101.83, 485.02, 395.94, 3694.43, 2239.45, 11.77, 33.97, 11503.11, 4.85, 484.39, 668.66
2021-02-07 00:00:00, 12604.02, 2852.10, 21.42, 39.78, 122.47, 2.06, 3114.60, 649.85, 2.01, 20.23, 11877.97, 4.57, 1.23, 224.87
2021-02-07 08:00:00, 13281.06, 6363.75, 367.48, 118.53, 309.06, 29.26, 4998.59, 2114.63, 57.30, 44.29, 11738.76, 77.13, 353.90, 1090.92
2021-02-07 16:00:00, 15340.40, 4923.79, 366.45, 138.83, 578.64, 75.76, 3118.76, 1143.75, 10.12, 33.14, 11525.42, 5.09, 199.99, 729.05
2021-02-08 00:00:00, 14883.01, 3927.69, 264.12, 59.54, 297.68, 1.95, 4528.05, 650.30, 0.36, 60.13, 11899.77, 2030.58, 4.54, 254.20
2021-02-08 08:00:00, 13234.04, 3605.88, 310.38, 121.14, 244.75, 25.44, 3465.01, 634.31, 62.67, 36.16, 11716.16, 91.78, 361.17, 931.48
2021-02-08 16:00:00, 14730.90, 5114.43, 311.14, 143.75, 608.18, 44.84, 4325.65, 1870.66, 0.70, 36.77, 11566.70, 3.58, 717.77, 654.55
2021-02-09 00:00:00, 12591.97, 2958.89, 24.12, 44.72, 299.76, 2.13, 3130.29, 649.15, 0.50, 16.13, 11861.39, 4.80, 1.36, 260.02
2021-02-09 08:00:00, 13364.09, 4014.47, 186.04, 104.88, 195.11, 20.05, 4561.93, 632.97, 1.68, 30.77, 11630.33, 259.76, 442.54, 747.35
2021-02-09 16:00:00, 14396.79, 5046.17, 242.56, 141.77, 469.72, 14.02, 3703.52, 1993.58, 1.18, 33.03, 11563.94, 4.43, 205.41, 985.08
2021-02-10 00:00:00, 12698.65, 4044.53, 55.50, 47.97, 161.39, 8.58, 4863.20, 713.81, 1.40, 18.21, 11909.08, 4.99, 1.89, 371.22
2021-02-10 08:00:00, 13443.47, 4104.88, 296.66, 114.38, 436.31, 8.68, 3703.79, 1649.46, 8.43, 34.81, 11913.41, 192.95, 195.01, 668.59
2021-02-10 16:00:00, 16185.41, 4425.40, 262.37, 116.76, 476.68, 21.97, 3587.92, 2060.82, 1.08, 26.26, 11590.46, 2638.38, 269.65, 427.41
2021-02-11 00:00:00, 12665.65, 3806.59, 52.56, 57.89, 187.31, 1.84, 4257.57, 914.90, 0.61, 16.75, 11871.78, 25.78, 1.64, 466.67
2021-02-11 08:00:00, 13073.30, 3273.48, 221.28, 111.09, 216.54, 62.75, 3163.10, 637.63, 1.10, 27.36, 11834.61, 24.18, 131.39, 789.00
2021-02-11 16:00:00, 14651.12, 5069.90, 238.80, 135.80, 576.85, 335.10, 4833.74, 651.67, 46.31, 31.71, 11615.98, 6.13, 73.47, 897.25
2021-02-12 00:00:00, 12623.84, 3988.20, 46.33, 49.55, 457.83, 1.93, 4664.28, 648.41, 0.33, 18.25, 11850.26, 4.85, 1.79, 285.25
2021-02-12 08:00:00, 13204.12, 5078.86, 238.66, 120.78, 172.47, 25.88, 5081.56, 635.50, 60.76, 31.69, 11711.56, 11.11, 198.46, 619.97
2021-02-12 16:00:00, 14975.54, 6104.94, 392.13, 145.00, 650.14, 10.45, 5783.36, 1238.18, 0.43, 34.52, 11505.66, 156.61, 155.35, 860.47
2021-02-13 00:00:00, 15022.69, 4328.59, 261.84, 61.69, 169.86, 1.82, 5041.81, 939.81, 0.32, 60.26, 11965.93, 2083.26, 4.88, 274.10
2021-02-13 08:00:00, 13721.36, 5201.60, 389.86, 160.56, 261.60, 32.92, 5933.95, 635.54, 1.62, 25.63, 11685.36, 144.43, 273.72, 776.31
2021-02-13 16:00:00, 14830.28, 5249.60, 186.71, 100.58, 649.27, 1.67, 5541.20, 650.43, 1.49, 33.81, 11581.43, 5.87, 467.14, 483.60
2021-02-14 00:00:00, 12839.70, 4047.83, 151.67, 63.74, 234.84, 1.62, 4935.07, 714.60, 0.59, 17.82, 11918.38, 4.13, 1.29, 511.15
2021-02-14 08:00:00, 13483.39, 3940.77, 283.06, 122.54, 100.68, 18.80, 3494.93, 636.93, 6.24, 36.82, 11794.97, 78.56, 527.50, 722.99
2021-02-14 16:00:00, 16419.06, 6305.48, 303.63, 156.52, 608.07, 6.18, 4239.19, 1935.78, 0.98, 34.02, 11542.59, 394.81, 145.73, 832.78
2021-02-15 00:00:00, 14505.85, 2701.87, 24.97, 66.38, 321.99, 1.90, 2446.90, 648.35, 0.56, 15.64, 11843.52, 1992.46, 3.81, 287.31
2021-02-15 08:00:00, 14015.39, 4747.76, 363.89, 127.56, 303.65, 391.45, 3960.91, 1428.61, 36.83, 34.11, 11648.88, 87.61, 264.97, 666.75
2021-02-15 16:00:00, 15303.76, 4888.12, 334.61, 144.14, 718.76, 74.32, 3154.05, 1215.43, 1.39, 33.37, 11557.86, 5.51, 262.81, 1064.68
2021-02-16 00:00:00, 12670.72, 2922.94, 25.09, 51.26, 301.21, 2.08, 2971.00, 651.49, 0.38, 15.88, 11934.07, 4.49, 1.16, 349.04
2021-02-16 08:00:00, 13282.37, 5138.61, 237.76, 120.31, 641.96, 192.53, 6015.33, 627.34, 2.22, 33.01, 11460.05, 74.47, 130.61, 714.73
2021-02-16 16:00:00, 15744.88, 5945.57, 355.82, 146.08, 645.45, 272.10, 4926.84, 1488.29, 1.49, 37.92, 11547.07, 677.45, 143.59, 925.34
2021-02-17 00:00:00, 14205.50, 3702.85, 253.31, 57.99, 297.24, 2.63, 3109.68, 1765.44, 0.67, 61.82, 11817.17, 1221.89, 50.27, 409.76
2021-02-17 08:00:00, 14189.28, 4647.82, 351.86, 118.45, 166.94, 377.22, 4160.79, 1309.15, 69.18, 45.23, 11827.56, 21.52, 310.95, 851.20
2021-02-17 16:00:00, 14419.71, 4737.71, 315.39, 147.29, 646.03, 8.18, 4383.48, 1603.79, 8.87, 23.99, 11568.97, 4.79, 384.85, 664.36
2021-02-18 00:00:00, 12664.32, 4099.76, 47.69, 42.36, 120.80, 1.57, 5455.82, 647.84, 0.64, 20.01, 11847.82, 4.86, 1.46, 448.29
2021-02-18 08:00:00, 13994.74, 2858.49, 200.93, 132.45, 162.08, 23.03, 2397.85, 635.45, 5.47, 25.96, 11741.61, 60.28, 614.36, 600.96
2021-02-18 16:00:00, 16799.69, 6935.01, 345.55, 156.97, 575.37, 129.71, 4971.59, 1933.99, 1.30, 32.70, 11547.73, 203.95, 870.30, 834.73
2021-02-19 00:00:00, 14568.47, 2547.97, 22.61, 54.51, 120.56, 1.93, 2351.68, 651.29, 0.36, 15.70, 11884.52, 2013.37, 3.81, 273.74
2021-02-19 08:00:00, 13367.96, 4347.72, 318.91, 114.56, 155.36, 28.03, 5070.44, 632.21, 45.10, 44.54, 11673.55, 213.59, 63.83, 499.35
2021-02-19 16:00:00, 16128.94, 5521.76, 215.84, 129.74, 729.03, 230.02, 3886.84, 1426.69, 2.29, 23.96, 11599.74, 70.32, 153.30, 996.71
2021-02-20 00:00:00, 12745.60, 3805.94, 22.55, 48.98, 461.96, 1.62, 4708.18, 649.46, 0.44, 16.23, 11943.51, 3.83, 1.31, 257.33
2021-02-20 08:00:00, 13843.79, 3409.43, 390.63, 140.48, 276.69, 37.78, 2789.78, 635.25, 70.12, 36.85, 11806.81, 281.98, 274.58, 772.62
2021-02-20 16:00:00, 13462.61, 4317.61, 196.18, 109.02, 504.76, 20.15, 4419.15, 1554.96, 0.46, 31.42, 11627.41, 5.62, 258.30, 599.34
2021-02-21 00:00:00, 13037.95, 3627.45, 254.30, 53.16, 296.74, 1.85, 4000.65, 648.44, 0.51, 60.56, 11933.70, 4.65, 1.77, 219.78
2021-02-21 08:00:00, 13694.65, 5611.85, 396.08, 129.20, 214.89, 102.16, 3081.19, 1925.23, 1.64, 39.46, 11868.47, 77.80, 339.35, 858.95
2021-02-21 16:00:00, 15309.24, 4343.12, 299.61, 154.93, 662.29, 6.49, 2496.59, 1729.97, 1.06, 23.52, 11773.70, 1130.93, 390.87, 539.22
2021-02-22 00:00:00, 13592.02, 3367.01, 22.97, 60.95, 298.11, 1.86, 3614.77, 645.87, 0.74, 15.80, 11533.10, 1338.13, 3.23, 514.11
2021-02-22 08:00:00, 13675.15, 3943.38, 355.94, 125.91, 310.21, 24.30, 3539.90, 632.27, 49.98, 38.56, 11644.29, 22.93, 234.88, 526.04
2021-02-22 16:00:00, 19625.77, 4961.96, 258.05, 157.96, 544.57, 15.07, 2481.88, 1509.01, 1.90, 35.30, 11566.45, 5.09, 232.74, 891.22
2021-02-23 00:00:00, 19054.90, 3154.56, 46.49, 47.42, 299.43, 2.32, 3143.29, 642.67, 0.70, 14.62, 11925.72, 3.87, 1.56, 266.06
2021-02-23 08:00:00, 19210.27, 3222.10, 287.42, 111.64, 277.01, 20.20, 2616.35, 623.02, 1.02, 31.84, 11644.41, 60.81, 257.65, 695.35
2021-02-23 16:00:00, 21983.93, 5228.22, 381.69, 157.57, 587.34, 230.93, 2720.12, 1475.58, 9.21, 37.48, 11610.43, 796.67, 3.33, 915.22
2021-02-24 00:00:00, 20144.64, 2582.11, 24.34, 53.95, 127.95, 2.94, 1638.34, 750.03, 0.35, 15.07, 11927.44, 1390.96, 2.95, 591.20
2021-02-24 08:00:00, 21192.84, 4976.36, 420.08, 169.68, 339.92, 17.57, 3355.38, 624.75, 57.05, 39.83, 11763.42, 232.74, 504.45, 844.24
2021-02-24 16:00:00, 21466.68, 4886.07, 420.49, 155.74, 744.54, 10.81, 1973.90, 2147.91, 3.50, 46.11, 11698.01, 7.71, 130.60, 968.58
2021-02-25 00:00:00, 19044.69, 3010.36, 227.54, 51.93, 320.58, 5.45, 2148.37, 638.87, 0.36, 60.66, 11863.30, 4.28, 64.95, 690.56
2021-02-25 08:00:00, 20056.56, 4172.95, 308.68, 116.01, 279.29, 287.26, 3610.85, 627.68, 3.71, 38.26, 11943.16, 9.85, 478.43, 648.00
2021-02-25 16:00:00, 21753.20, 4547.32, 294.57, 138.41, 713.45, 98.84, 3896.71, 642.86, 29.97, 29.17, 11818.56, 945.35, 559.88, 751.21
2021-02-26 00:00:00, 19250.55, 2826.04, 68.71, 63.25, 279.33, 2.28, 2025.27, 639.90, 0.34, 27.24, 11142.22, 1272.96, 3.32, 353.02
2021-02-26 08:00:00, 8209.59, 2714.99, 373.93, 124.17, 268.53, 183.63, 1282.07, 608.30, 11.10, 33.02, 69.41, 17.68, 176.28, 887.13
2021-02-26 16:00:00, 8762.09, 4352.92, 102.38, 89.94, 339.69, 2.34, 5172.48, 622.26, 1.11, 24.60, 30.34, 4.23, 2.74, 473.79
2021-02-27 00:00:00, 7684.29, 4103.17, 24.02, 53.04, 110.83, 2.39, 5725.43, 617.53, 1.51, 23.63, 16.31, 58.17, 2.29, 568.43
2021-02-27 08:00:00, 7844.66, 2756.72, 183.19, 94.82, 164.06, 1.29, 3046.02, 593.28, 5.44, 30.51, 18.70, 77.80, 152.15, 588.04
2021-02-27 16:00:00, 9095.13, 4257.60, 220.71, 100.46, 473.63, 19.34, 3463.72, 614.04, 30.67, 39.99, 25.17, 6.95, 329.76, 518.97
2021-02-28 00:00:00, 7749.78, 3020.16, 23.03, 50.90, 107.93, 1.94, 3686.49, 613.54, 0.25, 38.01, 16.74, 6.81, 88.32, 638.61
2021-02-28 08:00:00, 8280.10, 3178.00, 171.21, 114.86, 132.71, 1.36, 1971.23, 1760.50, 13.49, 47.76, 18.36, 142.18, 5.08, 727.88
2021-02-28 16:00:00, 8610.10, 3211.12, 214.36, 90.82, 500.78, 2.03, 2616.09, 1397.62, 0.57, 58.87, 23.16, 7.21, 2.27, 608.48
2021-03-01 00:00:00, 7888.63, 2649.58, 28.08, 53.87, 112.95, 1.99, 2866.77, 614.52, 0.90, 118.91, 18.00, 6.37, 88.27, 517.19
2021-03-01 08:00:00, 8076.62, 2521.91, 70.41, 76.32, 84.49, 1.31, 2796.94, 597.00, 1.30, 258.10, 18.49, 71.49, 3.92, 856.73
2021-03-01 16:00:00, 10566.44, 4976.07, 162.68, 105.64, 646.63, 14.96, 5265.52, 614.89, 10.69, 241.07, 31.17, 135.90, 106.50, 735.57
2021-03-02 00:00:00, 7943.87, 5485.56, 47.66, 50.99, 178.10, 3.17, 9144.29, 614.98, 0.32, 179.45, 16.39, 62.55, 1.93, 239.43
2021-03-02 08:00:00, 8167.19, 5323.02, 132.37, 87.15, 88.67, 9.06, 7789.18, 599.40, 23.87, 154.04, 20.00, 20.04, 95.90, 626.89
2021-03-02 16:00:00, 9493.49, 4268.45, 100.47, 108.69, 468.95, 2.18, 5462.43, 612.42, 10.66, 143.93, 30.21, 1296.73, 3.96, 869.94
2021-03-03 00:00:00, 9188.33, 3930.80, 271.27, 58.98, 114.89, 2.30, 4920.18, 707.66, 0.61, 156.58, 15.75, 1153.46, 3.57, 573.64
2021-03-03 08:00:00, 8609.09, 4159.62, 352.99, 138.40, 314.57, 4.32, 3553.73, 1311.52, 6.15, 97.95, 43.05, 260.78, 6.32, 716.55
2021-03-03 16:00:00, 10267.21, 4221.61, 232.49, 100.43, 597.55, 1.87, 3507.16, 983.91, 0.60, 98.24, 30.01, 5.80, 2.21, 672.80
2021-03-04 00:00:00, 7936.13, 3701.66, 50.73, 58.40, 111.22, 2.06, 4806.68, 614.66, 2.43, 70.45, 17.10, 7.08, 2.89, 778.20
2021-03-04 08:00:00, 7896.64, 2934.06, 47.63, 82.82, 166.87, 10.60, 3943.71, 605.11, 0.74, 62.64, 17.33, 8.45, 2.17, 570.07
2021-03-04 16:00:00, 9090.97, 4398.63, 187.79, 104.04, 347.33, 2.46, 5579.65, 617.14, 1.16, 72.34, 26.64, 4.79, 117.35, 745.55
2021-03-05 00:00:00, 7870.21, 4173.20, 22.83, 49.10, 108.46, 2.65, 6291.04, 614.95, 1.15, 57.41, 15.87, 4.77, 87.71, 506.45
2021-03-05 08:00:00, 8813.42, 3924.03, 185.00, 99.91, 188.90, 17.11, 4617.83, 603.51, 51.95, 56.39, 16.90, 118.12, 107.80, 868.56
2021-03-05 16:00:00, 8335.85, 4033.64, 125.02, 90.01, 377.84, 2.71, 5855.48, 613.83, 0.69, 51.28, 24.46, 72.57, 2.77, 501.07
2021-03-06 00:00:00, 7803.30, 3949.46, 23.68, 55.05, 107.48, 2.21, 5813.74, 611.69, 1.00, 43.16, 16.23, 69.57, 2.51, 535.46
2021-03-06 08:00:00, 8365.86, 3251.93, 141.69, 81.22, 85.43, 1.52, 4586.47, 594.92, 4.41, 55.12, 18.69, 266.16, 307.95, 551.20
2021-03-06 16:00:00, 9070.53, 4278.86, 75.20, 92.14, 451.73, 12.38, 5353.78, 612.11, 10.88, 40.85, 16.37, 75.46, 2.44, 671.93
2021-03-07 00:00:00, 7643.71, 4064.55, 22.34, 49.35, 106.18, 2.24, 5969.18, 609.75, 0.58, 34.15, 16.30, 6.87, 2.53, 628.52
2021-03-07 08:00:00, 11042.82, 4771.52, 354.83, 124.78, 112.83, 15.77, 3398.26, 1854.14, 32.24, 52.62, 19.66, 2381.15, 134.46, 699.58
2021-03-07 16:00:00, 10063.97, 5559.19, 269.45, 109.68, 608.99, 2.23, 4568.74, 1614.54, 14.87, 51.34, 30.64, 16.34, 88.41, 731.35
2021-03-08 00:00:00, 7552.57, 4272.46, 50.34, 53.72, 105.84, 2.16, 6267.93, 610.28, 0.48, 31.34, 16.33, 7.62, 2.02, 760.88
2021-03-08 08:00:00, 9772.67, 2933.22, 67.08, 96.18, 87.31, 10.00, 3807.88, 596.21, 0.85, 32.15, 19.14, 2144.71, 112.66, 542.93
2021-03-08 16:00:00, 8953.21, 3973.09, 234.06, 93.45, 529.89, 6.10, 4245.80, 1159.62, 1.31, 51.54, 18.35, 29.51, 186.28, 451.45
2021-03-09 00:00:00, 8198.80, 3590.39, 294.50, 69.44, 105.90, 226.00, 4798.71, 610.60, 1.22, 72.20, 16.39, 28.20, 2.52, 465.01
2021-03-09 08:00:00, 8078.42, 3058.55, 228.63, 92.44, 91.66, 1.80, 1826.12, 589.88, 19.33, 32.07, 19.89, 146.87, 93.03, 846.11
2021-03-09 16:00:00, 9018.19, 4043.79, 92.14, 81.78, 499.80, 2.12, 3167.57, 606.11, 9.41, 41.31, 24.59, 8.05, 89.85, 531.89
2021-03-10 00:00:00, 7813.36, 3215.66, 69.20, 61.23, 111.06, 1.90, 4223.08, 610.84, 0.31, 41.22, 16.19, 7.88, 88.36, 423.48
2021-03-10 08:00:00, 8225.05, 2169.59, 207.77, 104.36, 176.46, 1.59, 269.59, 1373.54, 42.48, 46.08, 21.13, 256.47, 5.67, 676.11
2021-03-10 16:00:00, 10034.35, 1780.27, 207.56, 99.37, 506.27, 236.85, 514.57, 1044.15, 0.35, 140.74, 22.98, 1043.89, 88.58, 488.15
2021-03-11 00:00:00, 9216.59, 2418.03, 45.76, 61.15, 105.32, 1.55, 2383.24, 611.71, 0.54, 234.69, 17.29, 1324.37, 3.69, 708.53
2021-03-11 08:00:00, 8619.70, 1966.31, 141.71, 80.20, 110.63, 23.41, 1937.82, 590.52, 2.09, 461.38, 25.47, 90.98, 113.40, 542.15
2021-03-11 16:00:00, 10318.31, 3478.68, 182.09, 92.01, 454.10, 14.03, 2070.67, 610.92, 1.53, 871.23, 18.18, 15.37, 102.89, 874.92
2021-03-12 00:00:00, 8709.51, 2546.01, 25.83, 56.62, 104.55, 1.72, 2973.20, 613.97, 1.28, 772.00, 17.36, 7.43, 1.98, 456.13
2021-03-12 08:00:00, 8744.46, 2699.67, 143.17, 81.90, 97.01, 4.01, 2106.22, 593.13, 20.77, 703.58, 20.17, 80.88, 91.55, 717.34
2021-03-12 16:00:00, 9692.99, 3948.13, 279.43, 105.12, 602.87, 1.85, 3817.49, 606.94, 0.60, 669.21, 17.00, 8.05, 2.42, 608.47
2021-03-13 00:00:00, 9187.27, 4131.78, 66.72, 71.19, 162.23, 2.04, 5311.64, 833.91, 1.15, 538.31, 16.30, 903.22, 4.06, 433.15
2021-03-13 08:00:00, 9583.72, 3097.44, 115.21, 73.67, 89.28, 1.69, 3950.47, 756.39, 1.20, 496.16, 26.39, 1267.59, 90.87, 434.69
2021-03-13 16:00:00, 9543.15, 3794.05, 100.17, 76.40, 359.46, 1.79, 3861.08, 993.66, 6.82, 468.21, 16.48, 29.28, 2.19, 646.29
2021-03-14 00:00:00, 8339.66, 3641.26, 70.07, 63.03, 116.41, 1.74, 4390.44, 642.52, 0.59, 401.21, 16.39, 28.67, 88.14, 657.82
2021-03-14 09:00:00, 11040.40, 4118.08, 169.27, 96.26, 132.75, 2401.76, 3942.73, 1923.25, 89.06, 358.22, 25.11, 89.19, 4.72, 551.33
2021-03-14 17:00:00, 10128.79, 4872.46, 203.97, 108.67, 464.99, 933.04, 5081.80, 1500.13, 1.54, 325.88, 47.29, 8.03, 58.26, 797.38
2021-03-15 01:00:00, 8536.41, 4461.81, 313.47, 64.28, 130.80, 2.07, 5970.28, 610.10, 0.96, 321.37, 15.61, 73.07, 88.51, 863.12
2021-03-15 09:00:00, 8353.04, 4095.02, 196.33, 77.95, 112.53, 15.82, 4698.99, 590.55, 23.85, 244.50, 20.29, 21.61, 175.19, 579.08
2021-03-15 17:00:00, 8107.48, 3923.66, 88.31, 70.74, 385.03, 1.93, 4904.75, 1070.48, 0.47, 226.50, 26.96, 9.09, 66.44, 466.88
2021-03-16 01:00:00, 8151.34, 3750.12, 45.07, 59.41, 106.67, 154.73, 5160.17, 608.92, 0.80, 199.82, 16.13, 7.89, 88.03, 515.91
2021-03-16 09:00:00, 8232.68, 2942.74, 50.95, 82.85, 92.86, 2.66, 3542.72, 589.64, 9.02, 171.73, 18.95, 75.00, 4.81, 551.65
2021-03-16 17:00:00, 11456.93, 3157.29, 267.52, 107.73, 402.68, 9.85, 3019.81, 609.09, 0.38, 181.95, 23.84, 2607.30, 338.04, 794.27
2021-03-17 01:00:00, 7912.17, 3276.01, 74.65, 68.94, 199.35, 1.63, 3287.51, 1028.26, 0.24, 153.02, 21.06, 28.07, 3.91, 495.76
2021-03-17 09:00:00, 8198.61, 3543.38, 180.17, 79.23, 114.51, 1.52, 1416.99, 2799.46, 34.66, 175.68, 19.76, 76.36, 92.67, 467.96
2021-03-17 17:00:00, 8413.81, 3667.51, 126.89, 82.59, 373.88, 1.41, 2142.32, 2092.59, 0.54, 228.03, 24.79, 4.02, 3.88, 570.60
2021-03-18 01:00:00, 8167.75, 3062.35, 46.21, 58.74, 107.18, 1.67, 2904.73, 1641.70, 0.64, 274.96, 24.94, 3.90, 88.07, 377.36
2021-03-18 09:00:00, 8678.49, 3387.83, 118.65, 71.84, 88.14, 1.48, 3686.86, 620.46, 2.03, 310.96, 18.38, 253.52, 5.76, 733.40
2021-03-18 17:00:00, 9952.91, 4528.50, 194.73, 111.03, 441.84, 11.80, 4349.55, 997.24, 1.16, 322.07, 25.69, 8.22, 88.51, 922.33
2021-03-19 01:00:00, 8189.61, 3669.98, 23.58, 58.75, 129.69, 1.92, 5305.12, 611.67, 1.44, 254.38, 16.52, 8.17, 89.24, 451.98
2021-03-19 09:00:00, 8316.49, 3021.07, 119.29, 76.40, 93.96, 13.97, 3884.78, 595.65, 1.16, 233.25, 21.19, 129.54, 5.15, 571.23
2021-03-19 17:00:00, 8212.65, 3007.55, 173.19, 84.95, 411.76, 1.54, 2973.07, 603.86, 1.22, 238.47, 16.76, 8.92, 3.85, 912.17
2021-03-20 01:00:00, 8171.87, 2682.91, 74.34, 78.11, 132.97, 1.56, 2959.48, 608.44, 0.69, 203.35, 16.62, 116.71, 89.72, 476.72
2021-03-20 09:00:00, 10109.64, 1611.44, 68.13, 83.88, 97.94, 2.77, 1153.29, 591.90, 8.17, 202.63, 19.82, 2210.72, 6.41, 376.76
2021-03-20 17:00:00, 8545.91, 2210.28, 183.91, 83.95, 296.56, 13.35, 1886.37, 807.26, 19.21, 241.46, 26.17, 30.38, 105.10, 496.34
2021-03-21 01:00:00, 8138.06, 2731.85, 49.00, 57.23, 106.26, 1.61, 3129.64, 610.73, 0.62, 208.53, 17.38, 95.95, 88.84, 627.74
2021-03-21 09:00:00, 8197.29, 1973.80, 131.03, 77.82, 118.88, 21.99, 434.70, 1185.01, 19.41, 227.87, 33.07, 31.70, 46.36, 638.35
2021-03-21 17:00:00, 10128.55, 2945.15, 142.37, 98.82, 465.14, 7.09, 1256.48, 607.31, 37.56, 253.64, 17.40, 8.60, 3.05, 559.62
2021-03-22 01:00:00, 8251.96, 2825.77, 267.43, 57.78, 104.11, 1.64, 3028.54, 609.91, 0.68, 262.53, 18.26, 8.10, 3.37, 505.41
2021-03-22 09:00:00, 8123.72, 1336.02, 27.15, 70.13, 91.93, 3.68, 616.53, 594.90, 2.67, 229.34, 20.24, 84.89, 4.65, 407.71
2021-03-22 17:00:00, 9150.84, 2480.33, 348.35, 98.74, 437.80, 2.02, 1292.89, 608.63, 20.14, 246.97, 470.90, 8.89, 136.49, 703.31
2021-03-23 01:00:00, 8976.64, 2684.53, 70.40, 70.71, 129.76, 1.63, 2786.45, 610.68, 7.41, 212.87, 17.66, 879.74, 129.85, 618.65
2021-03-23 09:00:00, 9504.13, 1130.96, 91.90, 83.62, 90.18, 2.33, 148.88, 592.56, 0.64, 228.34, 19.32, 1317.11, 174.23, 295.87
2021-03-23 17:00:00, 8374.71, 2026.52, 114.55, 82.51, 406.83, 4.09, 946.39, 606.80, 37.63, 224.01, 20.39, 18.67, 116.11, 591.88
2021-03-24 01:00:00, 8089.69, 3156.07, 98.27, 81.11, 143.96, 1.61, 2382.31, 1226.97, 4.75, 213.00, 17.29, 7.06, 3.47, 571.31
2021-03-24 09:00:00, 8691.75, 3549.18, 150.11, 84.65, 196.61, 1.43, 2846.83, 1180.24, 1.32, 246.50, 29.05, 192.57, 5.78, 829.43
2021-03-24 17:00:00, 9547.89, 2874.40, 142.65, 72.91, 421.05, 16.36, 1599.57, 764.67, 1.22, 312.87, 17.31, 7.86, 66.46, 619.20
2021-03-25 01:00:00, 8585.02, 2302.95, 99.26, 62.97, 159.80, 1.53, 1940.96, 642.25, 1.10, 364.34, 19.57, 71.34, 90.02, 477.21
2021-03-25 09:00:00, 8400.24, 1074.94, 27.01, 65.40, 107.50, 1.44, 148.96, 625.76, 1.01, 361.84, 19.38, 19.10, 4.89, 560.93
2021-03-25 17:00:00, 9752.22, 2068.85, 153.31, 80.98, 377.61, 8.95, 146.86, 642.83, 18.08, 338.82, 22.95, 8.57, 88.95, 798.95
2021-03-26 01:00:00, 8434.89, 1505.03, 103.14, 64.98, 186.09, 1.34, 494.44, 645.00, 0.60, 406.81, 18.34, 6.67, 82.76, 465.96
2021-03-26 09:00:00, 11160.11, 3221.68, 98.10, 89.73, 376.60, 15.65, 1601.97, 623.56, 1.65, 1018.36, 18.05, 220.59, 69.34, 668.79
2021-03-26 17:00:00, 12258.20, 3859.47, 172.95, 101.42, 524.52, 4.72, 3580.52, 641.05, 4.06, 827.18, 16.98, 2196.34, 5.32, 739.60
2021-03-27 01:00:00, 8664.95, 3148.81, 0.17, 55.63, 265.58, 1.70, 3733.39, 651.16, 1.08, 692.04, 18.58, 89.50, 3.11, 782.14
2021-03-27 09:00:00, 8596.40, 2792.99, 117.44, 86.22, 207.76, 2.99, 3035.54, 631.55, 4.80, 594.22, 18.61, 35.31, 5.22, 605.62
2021-03-27 17:00:00, 9049.12, 3835.30, 195.91, 80.03, 405.95, 1.54, 2518.29, 1907.10, 37.77, 545.50, 26.54, 21.31, 4.39, 648.96
2021-03-28 01:00:00, 8591.49, 2812.88, 50.92, 57.18, 122.66, 1.70, 3249.66, 632.41, 0.37, 513.37, 17.34, 66.88, 3.29, 457.08
2021-03-28 09:00:00, 10098.54, 3472.52, 297.24, 90.91, 571.25, 2.40, 872.06, 606.66, 33.30, 566.98, 38.73, 72.44, 208.66, 833.61
2021-03-28 17:00:00, 9207.97, 2083.64, 117.67, 80.69, 413.22, 11.24, 1505.64, 620.27, 0.43, 745.66, 24.55, 7.93, 45.93, 406.93
2021-03-29 01:00:00, 8670.41, 2953.17, 265.09, 59.75, 118.12, 1.60, 3356.80, 621.64, 0.75, 620.79, 22.18, 8.26, 84.22, 480.92
2021-03-29 09:00:00, 8604.95, 2694.99, 114.17, 81.78, 110.39, 1.70, 2665.10, 610.28, 1.28, 487.53, 20.54, 75.38, 103.70, 614.60
2021-03-29 17:00:00, 9584.29, 2938.96, 106.62, 90.05, 474.31, 9.98, 2546.56, 620.33, 1.09, 444.17, 17.32, 9.91, 88.17, 418.42
2021-03-30 01:00:00, 8303.25, 2807.79, 91.41, 55.79, 120.24, 1.64, 2879.01, 621.55, 1.30, 400.42, 17.14, 71.41, 2.48, 808.18
2021-03-30 09:00:00, 8385.60, 1213.33, 21.83, 67.77, 103.84, 1.59, 666.24, 610.64, 11.64, 397.99, 19.88, 136.25, 45.97, 414.71
2021-03-30 17:00:00, 10829.64, 2525.52, 296.77, 120.09, 557.91, 1.93, 425.99, 620.41, 0.86, 368.72, 83.77, 1930.16, 141.02, 1182.83
2021-03-31 01:00:00, 8174.90, 2343.29, 46.68, 49.36, 117.73, 1.54, 1327.59, 621.76, 1.13, 343.36, 18.05, 28.89, 3.06, 1714.75
2021-03-31 09:00:00, 9323.27, 2536.24, 102.22, 93.53, 504.17, 31.09, 1727.68, 604.81, 10.79, 351.24, 39.23, 102.17, 106.39, 318.26
2021-03-31 17:00:00, 10995.14, 5280.94, 198.31, 104.02, 521.06, 5.33, 2318.36, 1354.85, 11.86, 402.83, 28.13, 8.74, 4.93, 1238.92
2021-04-01 01:00:00, 8448.77, 2594.03, 164.73, 64.22, 126.37, 1.53, 2101.70, 619.53, 0.38, 423.18, 36.66, 68.75, 4.21, 565.36
2021-04-01 09:00:00, 8334.96, 2515.66, 90.50, 65.26, 108.18, 3.80, 2333.95, 606.41, 0.75, 468.52, 19.42, 18.88, 26.55, 502.87
2021-04-01 17:00:00, 11257.74, 3555.18, 278.31, 122.93, 517.65, 1.63, 3614.31, 617.97, 35.95, 393.67, 17.37, 2149.77, 385.66, 546.66
2021-04-02 01:00:00, 8393.01, 3458.71, 23.03, 56.20, 130.81, 1.73, 4231.64, 620.61, 3.26, 322.25, 17.73, 30.36, 3.44, 469.52
2021-04-02 09:00:00, 8960.37, 4799.44, 429.98, 108.82, 248.94, 1.80, 3169.06, 1874.99, 179.38, 335.27, 77.46, 82.72, 178.14, 776.26
2021-04-02 17:00:00, 9859.32, 4564.73, 208.80, 97.35, 592.22, 12.70, 4014.36, 1149.07, 22.64, 289.35, 17.76, 9.07, 3.74, 613.49
2021-04-03 01:00:00, 8625.16, 3702.29, 92.70, 72.04, 144.85, 15.08, 4746.40, 621.35, 1.16, 261.33, 31.10, 137.10, 11.23, 582.90
2021-04-03 09:00:00, 8722.27, 2539.61, 96.89, 81.99, 416.22, 4.52, 2094.14, 608.67, 0.92, 264.86, 21.13, 19.63, 254.01, 611.05
2021-04-03 17:00:00, 8874.24, 3217.12, 152.53, 80.65, 683.21, 14.56, 2755.00, 619.12, 6.44, 263.07, 18.06, 9.63, 89.42, 704.40
2021-04-04 01:00:00, 8761.16, 3063.73, 250.86, 55.55, 171.12, 1.52, 3088.42, 621.21, 0.75, 286.62, 17.75, 8.02, 3.49, 508.18
2021-04-04 09:00:00, 8899.34, 1437.64, 124.02, 78.02, 167.76, 3.23, 295.41, 609.86, 0.66, 230.71, 21.49, 15.36, 4.16, 575.52
2021-04-04 17:00:00, 9041.39, 2809.78, 183.00, 88.66, 568.68, 8.41, 2702.32, 621.56, 77.25, 221.88, 18.90, 9.77, 92.75, 453.77
2021-04-05 01:00:00, 8717.20, 2808.22, 76.24, 54.64, 116.62, 1.63, 3212.95, 620.51, 1.74, 202.43, 30.65, 9.41, 90.11, 497.40
2021-04-05 09:00:00, 10804.85, 2349.40, 139.79, 91.69, 107.23, 1.86, 1288.44, 610.37, 1.37, 190.67, 20.45, 2126.36, 106.55, 894.85
2021-04-05 17:00:00, 9616.99, 3026.94, 96.47, 95.23, 482.96, 1.61, 2041.27, 620.87, 45.54, 172.33, 21.39, 12.92, 67.12, 823.83
2021-04-06 01:00:00, 8610.75, 2747.61, 52.10, 63.55, 117.84, 1.54, 3206.25, 620.31, 0.60, 166.01, 18.63, 66.47, 3.35, 577.26
2021-04-06 09:00:00, 9384.45, 1872.59, 76.01, 80.29, 107.82, 1.92, 150.08, 610.69, 0.87, 154.83, 20.62, 18.69, 82.34, 938.87
2021-04-06 17:00:00, 9916.21, 2554.06, 224.25, 122.34, 625.48, 9.42, 382.91, 618.63, 0.96, 145.95, 23.40, 9.11, 3.14, 731.01
2021-04-07 01:00:00, 8470.26, 2245.65, 45.01, 50.41, 270.81, 1.42, 1782.63, 618.99, 0.83, 136.43, 17.91, 65.60, 175.91, 482.15
2021-04-07 09:00:00, 8436.53, 1775.04, 148.90, 74.97, 141.92, 1.84, 149.30, 611.63, 2.67, 122.22, 21.89, 17.78, 6.03, 453.79
2021-04-07 17:00:00, 11008.35, 3164.20, 191.28, 103.75, 524.20, 1.70, 2353.23, 1226.86, 31.38, 124.39, 23.79, 2210.53, 5.52, 692.73
2021-04-08 01:00:00, 9016.30, 2863.16, 50.18, 63.87, 125.49, 1.62, 2932.69, 614.03, 0.69, 114.83, 18.63, 172.06, 3.79, 702.16
2021-04-08 09:00:00, 8604.03, 1131.58, 26.66, 58.32, 101.00, 1.56, 149.55, 603.38, 0.93, 103.76, 20.11, 37.66, 4.75, 509.85
2021-04-08 17:00:00, 9731.37, 2943.31, 225.17, 97.72, 532.80, 1.18, 143.74, 1396.93, 80.80, 111.25, 17.90, 30.14, 4.60, 734.86
2021-04-09 01:00:00, 8507.46, 1492.73, 50.78, 60.66, 118.60, 1.38, 146.27, 614.35, 0.40, 89.77, 18.45, 111.57, 3.66, 838.89
2021-04-09 09:00:00, 8459.97, 1122.35, 50.40, 61.30, 105.95, 1.20, 148.99, 602.39, 0.84, 82.75, 18.78, 35.03, 5.01, 451.51
2021-04-09 17:00:00, 9122.66, 1892.88, 227.74, 88.39, 590.82, 1.07, 145.92, 612.69, 1.37, 84.04, 17.91, 12.10, 3.98, 582.67
2021-04-10 01:00:00, 8687.05, 1818.08, 97.95, 75.65, 401.65, 1.23, 588.45, 613.31, 0.80, 74.42, 19.53, 116.20, 107.18, 606.66
2021-04-10 09:00:00, 8580.30, 1260.49, 51.65, 69.57, 126.26, 1.40, 148.49, 603.70, 1.20, 71.68, 19.55, 16.18, 68.50, 692.30
2021-04-10 17:00:00, 9423.14, 3921.57, 248.43, 91.78, 530.16, 6.99, 140.35, 1525.32, 152.54, 75.56, 17.54, 8.71, 4.10, 787.08
2021-04-11 01:00:00, 8463.91, 1779.38, 0.28, 50.80, 115.98, 1.20, 145.02, 644.67, 0.50, 54.45, 18.50, 8.33, 4.14, 518.04
2021-04-11 09:00:00, 9039.63, 2062.61, 207.16, 104.49, 144.98, 1.27, 147.49, 1060.09, 59.08, 65.24, 29.77, 14.13, 329.54, 680.34
2021-04-11 17:00:00, 8920.41, 1983.89, 137.11, 85.85, 302.32, 5.34, 143.50, 1066.91, 25.53, 59.05, 19.19, 137.27, 3.52, 616.71
2021-04-12 01:00:00, 8644.36, 1559.80, 227.05, 59.44, 117.52, 1.27, 477.30, 613.49, 0.37, 87.48, 34.10, 7.89, 81.83, 674.91
2021-04-12 09:00:00, 8691.12, 1197.43, 42.12, 66.90, 103.02, 1.14, 146.95, 599.80, 0.70, 49.03, 18.38, 260.64, 5.15, 494.38
2021-04-12 17:00:00, 12534.48, 3136.82, 260.75, 135.45, 501.97, 1.34, 145.45, 915.93, 20.05, 51.96, 30.99, 2161.93, 254.98, 715.68
2021-04-13 01:00:00, 8259.61, 1279.20, 46.79, 55.96, 135.24, 1.34, 144.11, 611.42, 0.32, 47.14, 27.98, 8.87, 3.51, 448.26
2021-04-13 09:00:00, 8756.76, 1471.59, 117.70, 87.36, 156.59, 1.31, 145.99, 599.95, 0.66, 42.66, 18.81, 214.86, 68.84, 744.07
2021-04-13 17:00:00, 9899.54, 2345.25, 394.13, 95.10, 454.80, 1.22, 144.44, 609.63, 1.26, 53.66, 18.51, 9.43, 89.75, 607.96
2021-04-14 01:00:00, 8244.33, 1394.12, 22.60, 58.21, 113.79, 1.27, 227.57, 612.44, 0.75, 38.12, 18.80, 9.20, 4.07, 427.21
2021-04-14 09:00:00, 9016.32, 2463.99, 269.06, 104.28, 151.22, 210.10, 149.87, 902.76, 50.47, 47.31, 19.43, 157.74, 91.03, 551.50
2021-04-14 17:00:00, 9241.80, 2525.38, 167.35, 94.43, 363.66, 1.31, 144.16, 1570.85, 17.11, 47.12, 34.14, 9.39, 4.25, 573.09
2021-04-15 01:00:00, 8319.96, 1586.84, 50.68, 65.76, 154.54, 1.48, 420.22, 756.04, 0.30, 39.05, 23.76, 73.50, 4.08, 620.75
2021-04-15 09:00:00, 8472.87, 1299.37, 109.80, 60.20, 102.16, 1.31, 522.62, 597.07, 0.43, 73.31, 18.31, 140.42, 4.86, 406.46
2021-04-15 17:00:00, 8805.20, 1954.14, 90.88, 82.96, 325.54, 7.79, 1181.06, 614.41, 30.41, 250.65, 26.03, 8.55, 3.65, 515.55
2021-04-16 01:00:00, 8756.05, 2068.91, 50.52, 56.39, 167.94, 1.49, 1616.92, 612.55, 0.32, 325.97, 19.02, 118.95, 3.67, 500.17
2021-04-16 09:00:00, 8757.70, 1576.08, 27.67, 64.68, 194.82, 1.36, 924.77, 598.77, 0.55, 367.39, 18.95, 77.34, 68.79, 345.94
2021-04-16 17:00:00, 9393.16, 3393.35, 164.70, 90.54, 597.11, 4.76, 3196.98, 609.45, 2.17, 305.91, 20.38, 5.89, 3.67, 666.53
2021-04-17 01:00:00, 10385.58, 3062.11, 95.97, 81.22, 310.65, 1.51, 2689.55, 878.00, 21.62, 264.64, 19.49, 1594.78, 5.29, 513.75
2021-04-17 09:00:00, 10319.35, 1875.23, 126.64, 79.04, 123.19, 1.26, 146.67, 597.00, 3.87, 224.47, 18.81, 730.23, 6.13, 591.15
2021-04-17 17:00:00, 9206.41, 3287.79, 253.88, 94.26, 470.95, 1.43, 1652.53, 981.37, 25.85, 198.14, 29.49, 16.80, 210.78, 640.05
2021-04-18 01:00:00, 8770.85, 3188.15, 66.46, 61.03, 151.16, 1.62, 2800.03, 900.16, 0.85, 180.91, 19.44, 71.69, 4.25, 611.65
2021-04-18 09:00:00, 10594.75, 3010.65, 231.45, 120.90, 392.76, 1.38, 604.65, 1049.10, 96.10, 168.86, 33.97, 289.74, 4.95, 846.42
2021-04-18 17:00:00, 9705.65, 1901.62, 207.34, 91.46, 537.46, 1.18, 144.36, 617.58, 0.47, 422.99, 18.24, 134.94, 3.50, 643.46
2021-04-19 01:00:00, 9063.40, 2255.94, 292.68, 62.73, 123.36, 1.46, 1329.76, 618.99, 5.38, 489.18, 18.85, 72.28, 4.16, 474.34
2021-04-19 09:00:00, 8848.66, 1238.08, 72.92, 66.75, 160.53, 1.78, 148.43, 608.05, 0.69, 373.49, 20.94, 18.23, 4.49, 444.67
2021-04-19 17:00:00, 11614.29, 2143.11, 264.13, 119.76, 400.25, 1.58, 146.09, 609.45, 0.89, 302.71, 25.29, 2218.62, 155.15, 1006.50
2021-04-20 01:00:00, 8671.54, 2378.66, 89.96, 65.52, 134.99, 1.47, 1190.47, 923.12, 6.67, 268.31, 34.39, 90.95, 4.43, 484.50
2021-04-20 09:00:00, 8541.71, 2317.72, 97.27, 74.22, 106.33, 8.96, 1405.02, 1784.41, 1.18, 235.91, 19.88, 35.46, 68.36, 478.88
2021-04-20 17:00:00, 8923.81, 2991.71, 47.49, 79.85, 407.60, 1.51, 2616.97, 1307.78, 0.98, 184.39, 18.71, 207.86, 127.31, 568.83
2021-04-21 01:00:00, 8565.13, 2670.49, 71.82, 61.46, 117.34, 1.64, 2756.24, 610.07, 5.82, 190.45, 18.95, 70.41, 3.43, 685.19
2021-04-21 09:00:00, 10355.80, 4863.66, 283.03, 106.28, 162.66, 1.46, 3206.25, 1451.57, 17.11, 217.48, 22.44, 214.11, 133.74, 642.76
2021-04-21 17:00:00, 9168.80, 4111.64, 222.69, 91.34, 505.39, 10.59, 3602.58, 696.91, 54.08, 274.04, 27.07, 8.74, 4.82, 973.10
2021-04-22 01:00:00, 8683.96, 3755.13, 49.93, 52.68, 227.91, 1.67, 3852.73, 952.24, 0.43, 246.67, 18.26, 64.31, 4.06, 904.63
2021-04-22 09:00:00, 8609.48, 2013.46, 98.73, 72.57, 112.16, 2.72, 1726.72, 603.74, 0.54, 256.18, 20.85, 76.73, 153.96, 534.81
2021-04-22 17:00:00, 8904.54, 2477.92, 130.90, 87.32, 425.35, 10.71, 2247.09, 608.95, 0.72, 227.35, 18.67, 9.73, 118.25, 464.81
2021-04-23 01:00:00, 8373.89, 2736.82, 70.32, 57.76, 116.00, 1.56, 2967.36, 607.79, 0.93, 193.15, 18.23, 8.97, 85.74, 503.54
2021-04-23 09:00:00, 10597.43, 1735.43, 67.57, 87.48, 99.29, 1.58, 1207.16, 600.92, 1.06, 162.79, 20.06, 2354.28, 70.35, 480.26
2021-04-23 17:00:00, 9781.75, 3393.84, 160.04, 76.00, 355.71, 1.63, 2737.12, 610.78, 2.07, 145.90, 34.69, 16.69, 89.24, 888.95
2021-04-24 01:00:00, 8684.41, 2432.61, 47.73, 75.71, 120.23, 26.75, 2479.01, 610.53, 1.34, 113.01, 25.46, 137.95, 3.86, 616.70
2021-04-24 09:00:00, 8647.51, 1569.53, 125.99, 93.15, 210.61, 10.39, 266.55, 600.81, 3.03, 101.71, 20.16, 16.54, 156.17, 431.11
2021-04-24 17:00:00, 9547.90, 2477.93, 262.30, 98.41, 546.46, 8.24, 821.23, 871.90, 2.06, 90.91, 27.43, 69.57, 67.47, 672.59
2021-04-25 01:00:00, 8471.16, 2692.01, 72.61, 60.09, 162.59, 1.49, 2094.57, 709.41, 0.64, 89.48, 18.88, 9.32, 4.10, 804.76
2021-04-25 09:00:00, 11278.68, 2316.35, 242.73, 110.86, 225.98, 159.98, 408.89, 1966.67, 0.94, 92.28, 39.26, 2402.41, 111.80, 655.69
2021-04-25 17:00:00, 9267.06, 2007.57, 72.71, 85.00, 383.54, 1.22, 369.43, 607.77, 0.94, 57.37, 25.07, 15.78, 3.09, 649.94
2021-04-26 01:00:00, 8562.79, 2441.29, 277.21, 57.50, 114.06, 3.29, 2152.93, 607.70, 1.07, 94.60, 18.48, 77.39, 3.39, 536.22
2021-04-26 09:00:00, 8226.77, 2079.41, 24.80, 70.97, 356.32, 1.55, 1471.06, 601.11, 8.14, 43.39, 21.35, 20.15, 4.29, 579.78
2021-04-26 17:00:00, 8711.01, 3374.70, 203.18, 97.94, 490.42, 1.76, 3314.10, 643.90, 157.05, 53.77, 25.88, 10.22, 39.53, 551.80
2021-04-27 01:00:00, 8694.23, 3316.83, 130.67, 70.35, 141.07, 1.59, 2382.93, 900.94, 0.82, 47.99, 34.25, 67.58, 72.41, 587.96
2021-04-27 09:00:00, 8580.21, 1471.55, 115.88, 72.56, 104.19, 11.44, 145.50, 599.93, 8.55, 53.69, 19.31, 15.77, 4.74, 465.58
2021-04-27 17:00:00, 10632.77, 1872.09, 46.05, 80.31, 391.97, 47.79, 143.46, 616.58, 0.58, 40.82, 25.54, 2165.06, 5.80, 876.51
2021-04-28 01:00:00, 8426.92, 1664.87, 73.44, 59.22, 227.39, 11.28, 506.52, 622.13, 14.92, 89.36, 19.66, 92.28, 3.75, 489.02
2021-04-28 09:00:00, 9691.37, 2663.45, 175.13, 81.10, 290.24, 16.24, 1908.02, 599.93, 1.04, 141.31, 703.52, 93.28, 5.62, 546.43
2021-04-28 17:00:00, 9514.66, 2494.55, 202.34, 86.84, 487.26, 35.54, 1721.29, 610.30, 15.75, 286.86, 268.06, 29.86, 3.80, 659.56
2021-04-29 01:00:00, 8654.02, 1361.23, 31.43, 57.13, 114.50, 3.08, 428.78, 610.23, 0.30, 243.62, 18.64, 87.66, 4.60, 517.55
2021-04-29 09:00:00, 8527.24, 1122.74, 89.59, 65.95, 102.29, 2.36, 145.01, 598.46, 0.45, 222.29, 18.62, 33.89, 5.00, 539.50
2021-04-29 17:00:00, 9378.76, 2408.81, 268.50, 104.92, 582.32, 10.25, 482.88, 608.58, 6.09, 195.70, 24.56, 16.10, 134.14, 700.16
2021-04-30 01:00:00, 8996.81, 2069.79, 114.68, 64.89, 194.29, 3.95, 883.65, 893.37, 9.92, 445.91, 22.33, 68.84, 4.38, 652.32
2021-04-30 09:00:00, 9484.12, 1839.27, 95.23, 71.83, 441.47, 3.54, 1127.88, 598.33, 1.57, 677.27, 19.17, 143.14, 177.14, 425.75
2021-04-30 17:00:00, 13341.13, 3603.71, 171.27, 112.11, 516.98, 3.03, 2405.34, 610.43, 0.94, 925.89, 23.76, 2469.74, 5.51, 783.14
2021-05-01 01:00:00, 9286.82, 2951.42, 103.04, 64.03, 118.80, 28.71, 2525.91, 1151.03, 1.33, 781.17, 31.57, 92.28, 88.84, 514.05
2021-05-01 09:00:00, 9056.35, 2296.15, 131.38, 73.25, 178.56, 1.60, 1529.10, 601.67, 1.51, 684.74, 20.27, 38.56, 5.94, 470.55
2021-05-01 17:00:00, 9053.82, 2266.52, 105.15, 86.09, 362.93, 1.40, 1852.11, 609.61, 12.71, 581.71, 31.43, 15.61, 4.26, 436.74
2021-05-02 01:00:00, 8785.78, 2332.70, 77.14, 59.03, 116.43, 1.39, 2093.60, 608.40, 0.42, 514.78, 18.52, 8.52, 4.05, 511.37
2021-05-02 09:00:00, 9439.28, 3978.94, 256.29, 87.55, 656.16, 1.49, 3002.07, 894.57, 16.82, 459.89, 37.55, 143.75, 6.95, 758.02
2021-05-02 17:00:00, 9435.63, 2225.30, 320.21, 100.08, 713.44, 1.91, 144.74, 821.35, 54.90, 412.65, 27.80, 9.09, 208.14, 629.45
2021-05-03 01:00:00, 9013.96, 2030.25, 321.82, 72.45, 150.41, 6.23, 772.82, 778.38, 3.52, 416.33, 30.26, 8.85, 35.20, 673.98
2021-05-03 09:00:00, 9171.25, 3338.49, 208.67, 86.21, 365.73, 13.85, 2690.03, 596.50, 9.67, 359.27, 23.50, 208.29, 26.59, 513.25
2021-05-03 17:00:00, 10390.48, 3718.58, 137.21, 106.23, 437.21, 1.56, 3020.21, 950.18, 0.50, 345.02, 25.98, 136.50, 3.33, 964.86
2021-05-04 01:00:00, 8867.79, 2032.24, 22.57, 57.75, 113.87, 1.46, 1882.79, 609.87, 0.66, 322.79, 18.76, 73.75, 3.32, 448.56
2021-05-04 09:00:00, 10961.85, 1497.36, 121.40, 90.16, 100.94, 3.66, 145.48, 596.59, 1.97, 295.30, 18.56, 2352.51, 108.65, 455.10
2021-05-04 17:00:00, 9062.45, 1431.98, 135.08, 72.69, 350.78, 1.20, 371.82, 607.60, 0.75, 306.91, 27.77, 91.21, 90.06, 495.32
2021-05-05 01:00:00, 8629.33, 1898.92, 124.67, 76.72, 137.30, 1.36, 489.86, 644.63, 23.23, 302.06, 18.57, 24.49, 4.93, 423.81
2021-05-05 09:00:00, 9224.79, 1900.26, 361.60, 113.49, 337.50, 6.13, 143.91, 998.71, 1.55, 299.35, 38.34, 136.80, 182.38, 713.01
2021-05-05 17:00:00, 9476.94, 2530.09, 45.53, 94.66, 369.55, 1.29, 462.45, 747.63, 66.93, 246.77, 32.05, 8.78, 4.15, 738.64
2021-05-06 01:00:00, 8799.59, 1866.23, 47.64, 62.41, 112.75, 1.35, 1306.56, 608.43, 0.25, 228.99, 18.89, 69.43, 3.22, 659.28
2021-05-06 09:00:00, 10952.16, 1200.19, 90.01, 89.21, 107.63, 1.29, 147.57, 660.30, 0.45, 200.78, 19.44, 2300.30, 90.69, 391.07
2021-05-06 17:00:00, 10849.86, 2766.06, 239.79, 122.98, 556.67, 10.98, 238.90, 606.59, 0.91, 180.55, 41.14, 16.87, 153.83, 872.46
2021-05-07 01:00:00, 8569.98, 2296.12, 113.96, 75.30, 113.97, 1.32, 1603.89, 871.50, 0.92, 184.01, 29.30, 65.87, 4.19, 556.41
2021-05-07 09:00:00, 8825.53, 1124.00, 90.32, 68.25, 105.66, 23.14, 145.32, 596.76, 1.22, 161.85, 19.67, 260.54, 5.27, 446.23
2021-05-07 17:00:00, 10594.10, 2887.34, 173.47, 98.55, 603.06, 1.51, 293.80, 607.17, 1.28, 152.90, 26.53, 9.55, 19.98, 596.37
2021-05-08 01:00:00, 8860.46, 1988.22, 113.00, 66.38, 198.85, 1.36, 1623.73, 607.64, 1.17, 156.31, 18.13, 173.07, 3.05, 447.44
2021-05-08 09:00:00, 8656.91, 1811.95, 93.99, 71.21, 410.22, 1.10, 763.51, 595.93, 1.54, 244.23, 18.53, 14.20, 69.20, 544.92
2021-05-08 17:00:00, 9443.29, 3338.16, 106.33, 91.74, 395.61, 1.40, 1820.92, 2322.57, 58.93, 256.00, 28.29, 10.21, 183.00, 786.63
2021-05-09 01:00:00, 8803.30, 3145.09, 88.00, 57.67, 113.54, 1.67, 3057.61, 903.99, 2.66, 233.15, 18.79, 10.09, 4.21, 684.88
2021-05-09 09:00:00, 11177.43, 2153.88, 167.39, 97.52, 179.72, 1.25, 209.39, 1921.11, 0.61, 194.32, 25.54, 2281.93, 220.73, 898.53
2021-05-09 17:00:00, 9533.66, 2630.66, 178.53, 87.84, 979.15, 1.32, 904.15, 1007.59, 109.00, 167.46, 27.40, 16.49, 3.99, 532.14
2021-05-10 01:00:00, 8893.69, 2363.08, 254.59, 55.69, 116.46, 1.43, 2127.39, 608.33, 1.03, 186.03, 18.24, 71.37, 3.66, 638.41
2021-05-10 09:00:00, 8860.77, 1362.74, 115.00, 80.24, 108.01, 1.38, 316.77, 598.58, 1.33, 135.08, 19.59, 79.03, 4.66, 602.94
2021-05-10 17:00:00, 9395.03, 1877.65, 120.08, 79.80, 343.20, 1.29, 144.46, 1168.17, 1.01, 109.23, 27.92, 10.49, 87.96, 561.80
2021-05-11 01:00:00, 8964.50, 2039.80, 124.08, 72.93, 123.36, 1.39, 808.09, 676.08, 14.10, 108.51, 19.70, 250.80, 135.20, 853.22
2021-05-11 09:00:00, 8668.46, 1339.82, 180.20, 77.51, 176.87, 1.29, 372.13, 598.11, 0.54, 98.34, 19.55, 14.83, 177.22, 402.48
2021-05-11 17:00:00, 9703.00, 2764.83, 152.85, 95.36, 415.41, 1.45, 1884.34, 740.28, 1.24, 85.28, 24.82, 135.30, 3.41, 578.72
2021-05-12 01:00:00, 8759.28, 1806.12, 48.48, 66.53, 112.98, 1.45, 1422.11, 608.24, 0.93, 80.21, 19.27, 76.73, 3.16, 393.88
2021-05-12 09:00:00, 8909.18, 1676.81, 144.69, 77.98, 118.08, 1.68, 147.76, 1108.07, 14.44, 69.66, 31.58, 79.94, 34.48, 753.62
2021-05-12 17:00:00, 10889.47, 1416.98, 105.84, 90.13, 379.23, 1.19, 145.97, 608.02, 18.32, 44.87, 25.67, 2262.86, 212.21, 506.01
2021-05-13 01:00:00, 8500.33, 2083.22, 94.03, 73.34, 118.98, 1.45, 1167.89, 753.42, 0.54, 52.31, 38.65, 88.58, 3.90, 647.72
2021-05-13 09:00:00, 9188.82, 1776.40, 144.40, 69.85, 104.94, 23.93, 148.67, 602.42, 1.87, 54.51, 20.84, 14.39, 5.51, 402.94
2021-05-13 17:00:00, 8571.22, 1635.76, 72.19, 85.79, 410.24, 1.23, 145.91, 608.20, 1.05, 45.84, 35.92, 8.85, 21.58, 1141.99
2021-05-14 01:00:00, 8345.23, 1209.99, 25.26, 70.28, 112.01, 1.38, 220.14, 607.50, 0.81, 38.70, 19.24, 72.37, 3.13, 464.62
2021-05-14 09:00:00, 8452.85, 1124.82, 71.24, 64.44, 110.79, 3.32, 146.94, 599.53, 1.77, 42.40, 24.60, 18.92, 28.46, 580.23
2021-05-14 17:00:00, 10344.43, 2070.60, 189.18, 86.65, 415.80, 1.20, 147.17, 608.71, 106.44, 51.53, 35.65, 10.45, 2.92, 649.20
2021-05-15 01:00:00, 9851.84, 1372.90, 45.95, 63.77, 112.95, 1.29, 145.85, 710.55, 0.39, 32.08, 25.05, 143.26, 1.92, 665.87
2021-05-15 09:00:00, 10036.25, 1907.89, 210.87, 83.98, 134.68, 1.56, 148.95, 599.90, 15.70, 34.08, 19.99, 149.51, 4.54, 661.66
2021-05-15 17:00:00, 13510.54, 2773.43, 260.52, 96.56, 401.42, 1.31, 146.80, 856.83, 6.10, 41.75, 26.46, 1908.01, 5.42, 1005.11
2021-05-16 01:00:00, 9757.19, 3865.30, 120.62, 62.42, 115.56, 1.51, 3894.11, 1067.25, 0.44, 43.72, 19.76, 28.60, 2.66, 629.33
2021-05-16 09:00:00, 14863.86, 4548.10, 418.30, 85.21, 211.41, 1.60, 5209.27, 1161.44, 26.81, 33.36, 19.77, 269.81, 135.43, 801.81
2021-05-16 17:00:00, 16186.55, 5789.69, 150.37, 72.43, 492.01, 1.98, 5147.51, 608.60, 0.38, 36.98, 33.08, 9.53, 254.18, 743.87
2021-05-17 01:00:00, 10374.47, 4467.31, 332.79, 56.57, 114.78, 1.58, 5185.72, 609.51, 27.64, 76.43, 19.15, 74.30, 2.73, 613.87
2021-05-17 09:00:00, 15984.07, 3680.94, 97.14, 71.93, 107.95, 1.28, 5194.92, 601.01, 10.41, 31.91, 19.43, 17.85, 159.75, 449.73
2021-05-17 17:00:00, 15952.86, 4958.44, 203.37, 81.94, 403.85, 1.75, 5142.98, 609.70, 69.20, 36.22, 25.12, 10.64, 221.44, 753.20
2021-05-18 01:00:00, 11726.89, 5253.29, 99.35, 58.60, 115.18, 1.72, 5146.41, 821.28, 0.47, 24.45, 18.50, 1208.24, 4.84, 678.49
2021-05-18 09:00:00, 19522.00, 6614.88, 68.93, 74.01, 109.17, 20.57, 5185.23, 604.27, 1.51, 27.76, 18.91, 1559.90, 114.53, 497.60
2021-05-18 17:00:00, 18025.68, 7557.88, 92.05, 77.32, 328.14, 2.39, 5106.41, 609.82, 1.27, 25.43, 26.08, 32.10, 10.72, 793.19
2021-05-19 01:00:00, 11661.21, 5246.35, 65.35, 62.51, 264.37, 1.90, 5156.06, 665.50, 0.83, 19.85, 31.49, 144.76, 4.37, 744.84
2021-05-19 09:00:00, 22431.05, 8488.62, 428.08, 86.42, 221.50, 2.88, 5165.30, 1205.54, 13.08, 35.68, 34.28, 17.10, 101.93, 832.26
2021-05-19 17:00:00, 23878.83, 11437.29, 303.25, 117.98, 1631.03, 2.62, 5094.72, 609.44, 114.05, 31.01, 24.25, 10.16, 14.52, 1314.38
2021-05-20 01:00:00, 15361.31, 6044.13, 72.12, 64.43, 123.98, 1.89, 5121.34, 873.05, 29.29, 26.96, 25.67, 74.30, 8.63, 905.36
2021-05-20 09:00:00, 22419.72, 8243.68, 93.07, 59.37, 107.33, 1.93, 5136.36, 603.43, 7.39, 25.28, 17.71, 66.30, 44.29, 384.17
2021-05-20 17:00:00, 26548.94, 11286.17, 240.50, 95.26, 427.82, 2.46, 5067.45, 610.66, 23.46, 20.31, 24.79, 1344.09, 17.55, 884.94
2021-05-21 01:00:00, 20266.20, 7310.51, 105.24, 72.73, 165.22, 2.00, 5099.38, 807.47, 37.06, 21.13, 17.47, 1174.25, 12.70, 1009.09
2021-05-21 09:00:00, 25819.53, 10472.42, 133.02, 56.17, 105.10, 2.03, 5097.90, 1874.68, 5.18, 19.88, 17.25, 37.85, 17.43, 523.63
2021-05-21 17:00:00, 27996.54, 11534.57, 402.81, 99.39, 481.44, 2.62, 5031.52, 1449.11, 1.30, 28.81, 31.42, 32.06, 19.27, 1050.19
2021-05-22 01:00:00, 23402.66, 7808.32, 90.54, 59.26, 164.79, 2.07, 5069.44, 1159.01, 0.75, 22.54, 30.96, 251.22, 16.44, 930.96
2021-05-22 09:00:00, 26010.39, 9565.80, 98.55, 67.07, 104.66, 1.90, 5030.11, 601.14, 1.49, 24.66, 16.42, 113.50, 17.01, 591.51
2021-05-22 17:00:00, 32614.62, 14255.95, 4481.96, 97.21, 1294.46, 2.50, 4967.66, 1801.34, 26.76, 24.99, 24.60, 10.70, 19.06, 1303.60
2021-05-23 01:00:00, 25440.52, 7882.31, 237.89, 58.15, 119.21, 2.24, 4997.79, 1618.47, 0.57, 60.00, 17.18, 71.66, 17.70, 757.94
2021-05-23 09:00:00, 17650.44, 8229.92, 121.03, 71.07, 134.71, 1.67, 5026.41, 1453.73, 7.74, 26.89, 38.35, 139.63, 10.78, 757.86
2021-05-23 17:00:00, 23831.71, 9213.46, 2373.49, 85.35, 986.81, 2.14, 5013.17, 1560.08, 10.58, 18.02, 24.27, 11.97, 13.99, 874.49
2021-05-24 01:00:00, 10507.90, 4689.21, 284.44, 57.16, 116.66, 1.77, 5062.78, 624.32, 0.44, 15.72, 19.07, 11.13, 2.86, 331.23
2021-05-24 09:00:00, 21590.22, 9169.52, 4932.06, 77.60, 206.57, 1.62, 5072.57, 1386.96, 65.33, 34.05, 18.79, 81.65, 9.36, 1329.16
2021-05-24 17:00:00, 18558.62, 7062.20, 349.66, 105.00, 826.83, 1.67, 5007.62, 606.99, 0.71, 30.74, 24.76, 1875.03, 10.47, 651.45
2021-05-25 01:00:00, 10985.60, 4433.17, 791.56, 49.33, 117.69, 1.59, 5021.67, 607.91, 0.68, 19.87, 18.49, 31.13, 2.33, 512.16
2021-05-25 09:00:00, 15663.76, 7998.51, 1900.47, 65.89, 116.22, 22.64, 4998.19, 600.77, 1.78, 20.59, 19.80, 161.46, 227.96, 1073.62
2021-05-25 17:00:00, 18449.28, 8458.26, 115.37, 83.57, 401.80, 32.81, 4930.75, 609.69, 1.67, 18.43, 24.40, 31.85, 614.09, 800.78
2021-05-26 01:00:00, 15881.25, 6885.11, 28.84, 45.55, 120.19, 27.57, 4964.67, 610.72, 1.06, 22.90, 17.71, 31.17, 148.26, 591.69
2021-05-26 09:00:00, 26529.07, 10307.02, 947.11, 94.54, 662.50, 2.36, 4938.14, 1123.35, 19.43, 29.61, 28.51, 99.85, 146.93, 1420.77
2021-05-26 17:00:00, 30775.57, 9913.49, 298.77, 99.26, 510.49, 2.16, 4907.29, 1364.44, 37.40, 36.18, 32.97, 10.87, 500.21, 1048.31
2021-05-27 01:00:00, 21629.13, 5219.17, 102.03, 73.38, 141.25, 1.61, 4980.70, 848.29, 0.48, 21.39, 18.91, 1486.05, 15.30, 984.35
2021-05-27 09:00:00, 19614.30, 4030.05, 74.78, 68.85, 109.21, 1.42, 5025.26, 600.87, 0.88, 17.26, 20.33, 581.73, 121.69, 808.31
2021-05-27 17:00:00, 18045.15, 5798.66, 2180.96, 74.91, 394.21, 1.52, 4995.14, 817.85, 22.85, 22.22, 27.57, 20.77, 282.02, 695.50
2021-05-28 01:00:00, 10159.59, 3754.92, 50.22, 55.22, 140.31, 1.46, 5013.92, 606.28, 0.32, 18.17, 18.75, 137.34, 2.29, 735.06
2021-05-28 09:00:00, 10223.18, 3458.94, 24.58, 56.70, 107.91, 146.07, 5032.75, 599.25, 0.43, 16.29, 20.01, 14.69, 67.34, 454.62
2021-05-28 17:00:00, 13037.16, 5224.30, 2414.13, 77.77, 348.76, 1.50, 4993.24, 605.05, 0.89, 28.58, 25.72, 75.19, 173.75, 896.00
2021-05-29 01:00:00, 10057.00, 4189.11, 107.35, 67.73, 190.74, 1.47, 5026.95, 904.43, 0.81, 21.70, 22.73, 151.39, 3.10, 682.29
2021-05-29 09:00:00, 10480.48, 3925.79, 80.31, 57.59, 564.58, 1.42, 5048.69, 601.71, 29.30, 16.12, 21.08, 41.19, 4.23, 335.43
2021-05-29 17:00:00, 15420.24, 6165.80, 2940.89, 101.96, 792.09, 1.47, 4992.96, 607.06, 28.21, 20.65, 26.52, 33.91, 5.43, 928.94
2021-05-30 01:00:00, 9927.36, 4620.08, 53.26, 58.66, 165.47, 1.65, 5005.68, 1260.91, 0.34, 19.29, 18.73, 33.56, 3.04, 745.15
2021-05-30 09:00:00, 21268.18, 7315.04, 3095.60, 102.90, 918.47, 1.43, 5031.37, 2078.22, 58.87, 26.28, 20.92, 2185.59, 202.31, 801.46
2021-05-30 17:00:00, 14794.16, 6313.02, 478.01, 90.13, 546.95, 1.61, 4969.71, 1190.82, 12.98, 19.26, 25.98, 10.46, 67.27, 1043.11
2021-05-31 01:00:00, 10189.66, 4037.42, 289.79, 58.19, 296.73, 1.39, 4993.76, 607.28, 0.34, 58.59, 24.18, 10.06, 2.72, 443.18
2021-05-31 09:00:00, 10389.12, 4763.62, 136.02, 75.31, 305.74, 1.42, 5010.12, 601.64, 0.82, 20.81, 21.32, 202.40, 68.56, 535.31
2021-05-31 17:00:00, 11295.75, 6990.37, 336.44, 89.65, 660.66, 1.99, 4945.19, 607.67, 1.48, 25.64, 34.32, 10.90, 2.90, 1111.78
2021-06-01 01:00:00, 11626.51, 4814.10, 189.79, 62.79, 365.47, 1.82, 4963.63, 1006.59, 0.91, 17.83, 22.17, 73.05, 86.42, 507.89
2021-06-01 09:00:00, 17785.33, 6170.58, 248.08, 62.57, 306.57, 1.52, 4982.97, 601.94, 16.05, 23.63, 21.35, 17.35, 11.51, 541.46
2021-06-01 17:00:00, 21406.99, 7495.16, 1087.45, 89.99, 924.94, 1.92, 4923.26, 606.16, 0.94, 25.31, 17.69, 2150.22, 26.79, 712.99
2021-06-02 01:00:00, 11880.85, 4705.31, 0.25, 54.70, 298.91, 1.76, 4963.62, 607.42, 1.00, 13.47, 18.39, 32.27, 4.67, 883.27
2021-06-02 09:00:00, 21424.82, 5607.02, 169.21, 80.22, 314.50, 17.35, 4957.69, 600.28, 2.07, 16.65, 34.50, 156.53, 15.02, 738.12
2021-06-02 17:00:00, 22239.31, 7083.52, 2646.34, 77.25, 377.68, 3.33, 4904.77, 607.47, 1.33, 35.43, 28.78, 10.61, 12.77, 759.41
2021-06-03 01:00:00, 15852.35, 7899.71, 129.30, 69.33, 423.80, 2.12, 4907.85, 934.05, 17.28, 19.44, 20.68, 68.82, 9.13, 902.14
2021-06-03 09:00:00, 18628.11, 8430.20, 102.22, 66.59, 484.58, 1502.52, 4892.93, 1789.98, 1.11, 17.75, 16.82, 60.43, 97.00, 740.20
2021-06-03 17:00:00, 21039.94, 7956.75, 191.15, 99.31, 620.00, 1753.87, 4879.40, 1165.82, 2.67, 35.14, 30.81, 66.85, 183.42, 794.20
2021-06-04 01:00:00, 15545.37, 5878.84, 25.33, 53.51, 305.87, 1.63, 4896.15, 609.19, 0.55, 15.84, 18.29, 69.90, 8.13, 668.03
2021-06-04 09:00:00, 22251.73, 8184.29, 169.30, 81.40, 381.92, 17.50, 4895.43, 600.66, 1.39, 23.20, 18.35, 17.45, 71.42, 931.85
2021-06-04 17:00:00, 25702.53, 9214.03, 417.64, 110.05, 678.31, 2.33, 4843.64, 605.99, 5.55, 26.35, 26.62, 2102.49, 16.87, 713.18
2021-06-05 01:00:00, 19073.05, 7504.69, 313.98, 62.48, 316.63, 2.11, 4874.63, 1031.62, 0.56, 23.18, 32.70, 191.38, 124.19, 807.44
2021-06-05 09:00:00, 31148.63, 12117.29, 5657.38, 75.91, 292.91, 1.76, 4851.79, 600.53, 1.76, 20.10, 16.57, 36.60, 55.80, 796.46
2021-06-05 17:00:00, 27146.17, 10743.92, 527.20, 83.59, 562.08, 2.05, 4821.22, 1374.42, 45.92, 21.69, 33.37, 32.35, 64.61, 897.59
2021-06-06 01:00:00, 22030.19, 7540.51, 46.52, 51.78, 293.53, 1.95, 4864.77, 987.23, 0.76, 26.08, 17.47, 32.10, 14.23, 752.13
2021-06-06 09:00:00, 28875.19, 11832.38, 1936.29, 88.49, 339.31, 15.64, 4859.83, 1039.45, 146.32, 30.67, 69.45, 226.95, 17.79, 1398.20
2021-06-06 17:00:00, 31418.19, 13244.02, 3841.95, 89.24, 588.16, 2.13, 4793.11, 607.61, 0.96, 25.60, 24.34, 33.01, 18.85, 815.19
2021-06-07 01:00:00, 26618.86, 8812.09, 328.52, 54.28, 305.16, 2.13, 4865.68, 610.13, 0.77, 59.20, 16.65, 93.56, 18.42, 826.58
2021-06-07 09:00:00, 27302.08, 10784.26, 157.55, 62.13, 305.97, 1.78, 4850.60, 605.54, 15.50, 24.20, 17.27, 104.19, 18.46, 979.20
2021-06-07 17:00:00, 31603.40, 12989.91, 3621.52, 88.34, 640.97, 2.23, 4781.71, 607.78, 98.08, 33.86, 22.90, 22.41, 199.54, 813.70
2021-06-08 01:00:00, 27320.16, 10614.11, 80.86, 57.83, 331.89, 2.49, 4823.44, 956.75, 0.66, 23.57, 26.58, 67.77, 16.30, 793.70
2021-06-08 09:00:00, 27985.72, 11115.77, 232.01, 73.53, 311.16, 17.25, 4829.26, 600.46, 1.20, 29.68, 16.40, 137.68, 16.97, 1087.38
2021-06-08 17:00:00, 28671.65, 11429.87, 246.59, 100.02, 593.35, 2.44, 4775.98, 605.85, 1.34, 28.50, 26.97, 11.06, 127.23, 983.05
2021-06-09 01:00:00, 27274.65, 10194.56, 52.04, 58.26, 312.89, 5.35, 4830.23, 694.05, 0.86, 22.29, 16.73, 10.10, 17.19, 925.89
2021-06-09 09:00:00, 34948.24, 14096.24, 4930.23, 98.38, 381.37, 2.16, 4851.22, 661.09, 82.77, 39.75, 27.67, 2046.91, 140.38, 1460.15
2021-06-09 17:00:00, 28912.36, 11644.21, 1241.85, 88.51, 689.17, 2.24, 4809.84, 684.37, 39.87, 29.59, 30.40, 33.66, 65.43, 1169.52
2021-06-10 01:00:00, 23795.75, 7135.14, 381.14, 59.13, 300.12, 1.92, 4854.20, 655.07, 0.66, 21.09, 28.38, 91.07, 15.43, 735.29
2021-06-10 09:00:00, 24608.86, 7366.14, 128.24, 87.96, 347.04, 464.40, 4874.69, 602.56, 9.99, 21.14, 174.29, 74.78, 17.34, 644.04
2021-06-10 17:00:00, 26587.16, 10043.32, 2762.61, 95.33, 583.33, 136.86, 4823.60, 1045.29, 54.27, 22.53, 47.53, 10.84, 15.49, 1178.12
2021-06-11 01:00:00, 17117.41, 6077.38, 29.24, 49.78, 303.03, 1.87, 4837.80, 608.50, 0.35, 19.69, 17.69, 71.29, 9.57, 496.19
2021-06-11 09:00:00, 21305.92, 6304.42, 99.13, 71.95, 305.59, 1.50, 4852.59, 599.76, 0.93, 21.10, 17.91, 262.26, 13.73, 719.62
2021-06-11 17:00:00, 23168.10, 8590.35, 1335.52, 118.85, 678.12, 2.07, 4816.11, 740.35, 1.32, 27.93, 80.86, 2445.27, 13.95, 905.28
2021-06-12 01:00:00, 15921.36, 5545.66, 48.94, 59.11, 354.77, 1.82, 4844.79, 608.21, 0.90, 17.63, 18.56, 141.97, 8.46, 915.39
2021-06-12 09:00:00, 24861.60, 7136.02, 77.57, 73.92, 570.09, 1.58, 4842.21, 601.49, 63.27, 17.96, 37.90, 32.44, 17.43, 895.67
2021-06-12 17:00:00, 25281.68, 9941.78, 1814.39, 89.28, 531.47, 11.26, 4774.61, 843.82, 4.80, 27.50, 16.70, 8.05, 78.28, 1337.55
2021-06-13 01:00:00, 17280.25, 5806.41, 92.02, 54.19, 344.75, 1.79, 4788.95, 1146.49, 0.41, 23.41, 17.94, 6.83, 9.85, 767.45
2021-06-13 09:00:00, 22752.71, 8515.44, 166.57, 87.30, 375.13, 10.44, 4800.46, 1503.21, 1.44, 26.84, 17.92, 210.76, 15.57, 818.15
2021-06-13 17:00:00, 25170.80, 11117.62, 3165.11, 96.09, 733.07, 1.82, 4745.96, 676.35, 15.50, 29.60, 22.97, 117.68, 37.81, 1336.79
2021-06-14 01:00:00, 18068.89, 6971.28, 250.42, 51.91, 305.60, 1.72, 4789.37, 609.92, 0.78, 59.89, 17.82, 137.98, 9.97, 699.60
2021-06-14 09:00:00, 22715.91, 8674.07, 68.46, 63.13, 309.78, 1.80, 4770.90, 601.46, 3.28, 22.39, 17.16, 74.27, 99.57, 622.67
2021-06-14 17:00:00, 23074.36, 9447.46, 246.70, 115.61, 698.50, 2.25, 4747.19, 607.37, 35.74, 37.77, 28.22, 3600.74, 99.61, 1330.43
2021-06-15 01:00:00, 15312.32, 6087.35, 55.70, 61.12, 400.64, 4.52, 4770.81, 608.13, 0.33, 18.23, 17.97, 91.47, 7.51, 821.45
2021-06-15 09:00:00, 16388.66, 6326.36, 106.38, 66.48, 599.57, 1.47, 4763.87, 596.63, 1.44, 22.27, 19.13, 148.96, 113.07, 569.32
2021-06-15 17:00:00, 16088.13, 6354.09, 91.56, 73.10, 506.27, 1.60, 4782.68, 705.31, 0.83, 21.93, 24.87, 10.88, 8.12, 767.58
2021-06-16 01:00:00, 11382.14, 4564.70, 47.31, 51.18, 337.98, 1.43, 4812.92, 608.87, 0.80, 18.76, 19.48, 11.48, 3.30, 570.36
2021-06-16 09:00:00, 17624.04, 5689.98, 233.10, 86.86, 517.83, 1.49, 4843.97, 886.29, 12.85, 27.67, 49.59, 86.73, 137.81, 942.80
2021-06-16 17:00:00, 15618.03, 7235.10, 887.54, 93.25, 546.93, 1.65, 4775.71, 607.32, 123.33, 16.55, 24.69, 76.42, 405.45, 519.81
2021-06-17 01:00:00, 10997.38, 4907.51, 73.39, 58.45, 334.99, 1.51, 4813.68, 1071.99, 0.44, 21.04, 29.74, 72.92, 3.64, 980.56
2021-06-17 09:00:00, 17496.14, 6296.60, 205.18, 69.14, 556.73, 1.46, 4820.16, 601.65, 1.23, 25.36, 20.63, 148.54, 10.89, 1011.96
2021-06-17 17:00:00, 20542.73, 7702.81, 1442.31, 96.54, 476.01, 27.06, 4756.63, 606.95, 1.18, 31.30, 28.19, 2089.62, 11.45, 1226.10
2021-06-18 01:00:00, 11422.93, 5517.36, 26.43, 51.56, 301.16, 1.68, 4774.65, 607.18, 1.00, 16.65, 18.50, 31.10, 4.10, 833.38
2021-06-18 09:00:00, 15167.95, 5521.16, 76.31, 79.68, 325.33, 1.47, 4751.59, 597.65, 1.42, 19.79, 18.29, 156.93, 93.74, 443.22
2021-06-18 17:00:00, 15921.27, 5790.89, 182.64, 97.26, 648.46, 1.59, 4721.73, 1055.75, 1.28, 22.82, 25.66, 14.91, 7.44, 1158.94
2021-06-19 01:00:00, 14492.36, 5581.77, 185.89, 76.59, 419.54, 1.49, 4743.97, 608.33, 1.18, 22.68, 19.13, 128.14, 6.55, 967.63
2021-06-19 09:00:00, 22260.30, 7817.82, 69.44, 79.71, 306.25, 1.60, 4739.33, 601.84, 3.09, 22.20, 18.44, 17.59, 14.62, 659.25
2021-06-19 17:00:00, 29039.54, 11083.16, 1934.45, 78.79, 1385.76, 2.09, 5205.95, 1012.08, 24.92, 37.61, 24.50, 72.93, 81.83, 1285.72
2021-06-20 01:00:00, 25633.19, 7122.96, 50.03, 61.62, 303.62, 1.93, 5340.96, 1069.63, 0.29, 25.32, 17.44, 11.21, 17.51, 779.19
2021-06-20 09:00:00, 27370.04, 9516.70, 122.51, 73.30, 428.69, 1.79, 5330.10, 1844.75, 33.92, 22.47, 29.93, 206.08, 18.78, 820.75
2021-06-20 17:00:00, 28574.01, 10658.96, 1505.88, 74.10, 575.21, 2.03, 5256.68, 1561.52, 0.60, 18.34, 24.53, 31.83, 210.84, 1223.89
2021-06-21 01:00:00, 24767.46, 7502.42, 267.14, 59.59, 476.97, 2.07, 5309.19, 729.97, 1.86, 61.52, 20.55, 73.45, 15.70, 661.66
2021-06-21 09:00:00, 24196.30, 8901.25, 88.37, 64.59, 385.77, 1.76, 5273.37, 600.23, 1.18, 27.41, 17.72, 226.48, 15.48, 826.73
2021-06-21 17:00:00, 27905.43, 10910.68, 113.04, 78.28, 501.52, 2.23, 5238.18, 1244.76, 1.49, 22.77, 21.39, 11.93, 18.64, 1135.68
2021-06-22 01:00:00, 21312.62, 7967.50, 70.08, 61.54, 330.92, 2.16, 5293.41, 1311.78, 0.79, 23.66, 17.89, 71.36, 12.84, 914.68
2021-06-22 09:00:00, 18881.09, 6342.42, 76.31, 63.70, 377.74, 1.59, 5337.92, 598.66, 0.90, 25.20, 19.00, 138.81, 11.45, 584.64
2021-06-22 17:00:00, 16564.42, 6491.33, 65.98, 72.47, 456.04, 1.74, 5307.14, 606.75, 1.00, 21.42, 28.02, 11.84, 118.55, 977.19
2021-06-23 01:00:00, 10908.86, 4967.70, 0.15, 49.80, 297.95, 1.64, 5363.59, 608.60, 0.91, 17.15, 19.23, 10.90, 3.21, 674.33
2021-06-23 09:00:00, 21790.12, 6852.77, 1440.80, 102.18, 565.22, 1.56, 5366.05, 599.75, 1.98, 23.69, 32.74, 2408.39, 13.83, 905.66
2021-06-23 17:00:00, 23285.96, 10816.31, 5401.06, 91.04, 644.07, 1.89, 5336.23, 1313.37, 33.48, 16.92, 33.62, 18.85, 251.63, 1294.63
2021-06-24 01:00:00, 19335.45, 9412.39, 7603.60, 57.58, 390.63, 4.64, 5355.67, 736.08, 0.73, 23.15, 26.27, 74.80, 3.59, 804.48
2021-06-24 09:00:00, 27243.84, 9041.62, 636.89, 111.57, 605.67, 21.42, 5371.35, 601.15, 1.81, 17.18, 21.07, 2294.79, 128.07, 1184.33
2021-06-24 17:00:00, 22309.85, 8514.78, 754.71, 73.58, 643.00, 1.86, 5299.92, 609.27, 1.27, 29.49, 54.06, 28.13, 13.16, 1074.47
2021-06-25 01:00:00, 16529.66, 6416.45, 23.26, 57.28, 340.47, 1.78, 5313.48, 608.04, 0.99, 17.41, 18.55, 87.13, 8.95, 588.64
2021-06-25 09:00:00, 22942.84, 8284.93, 118.93, 79.49, 566.02, 183.69, 5305.95, 597.89, 1.55, 22.41, 17.97, 77.67, 13.89, 1043.16
2021-06-25 17:00:00, 27237.92, 9118.18, 280.35, 100.24, 517.14, 1.96, 5238.59, 607.42, 22.37, 25.47, 33.04, 10.25, 187.01, 914.33
2021-06-26 01:00:00, 26029.46, 7884.53, 22.57, 58.97, 308.57, 2.05, 5247.89, 608.49, 0.54, 18.12, 17.17, 75.57, 17.42, 782.36
2021-06-26 09:00:00, 26793.95, 8386.16, 138.61, 89.40, 413.43, 1.79, 5228.14, 627.92, 35.78, 19.87, 46.65, 198.66, 103.48, 974.35
2021-06-26 17:00:00, 25885.69, 8578.45, 91.19, 73.70, 514.36, 1.88, 5243.02, 802.34, 0.51, 24.45, 24.16, 10.46, 16.91, 878.15
2021-06-27 01:00:00, 27429.25, 8713.43, 78.24, 69.81, 310.52, 2.07, 5261.05, 958.70, 0.83, 22.41, 17.38, 933.48, 18.45, 935.88
2021-06-27 09:00:00, 29246.78, 10672.15, 244.69, 94.29, 355.52, 1.71, 5230.46, 1161.16, 19.56, 35.53, 19.23, 1028.44, 19.82, 1151.59
2021-06-27 17:00:00, 29681.60, 11872.18, 259.69, 87.45, 551.17, 1.94, 5184.00, 605.11, 0.99, 37.16, 23.05, 92.90, 18.89, 1186.89
2021-06-28 01:00:00, 28470.65, 10427.38, 301.11, 59.44, 316.64, 2.07, 5228.17, 608.91, 0.88, 66.39, 16.29, 95.85, 18.72, 1125.52
2021-06-28 09:00:00, 28825.81, 10913.53, 45.83, 74.08, 354.09, 1.72, 5217.43, 599.26, 1.83, 23.75, 17.22, 41.12, 81.92, 1041.45
2021-06-28 17:00:00, 34688.72, 14138.68, 3615.81, 104.65, 584.78, 2.00, 5156.55, 808.52, 1.22, 40.99, 24.08, 1820.77, 22.01, 1863.42
2021-06-29 01:00:00, 28851.29, 11491.36, 51.09, 63.81, 411.06, 2.18, 5222.99, 710.26, 0.85, 26.02, 16.56, 295.77, 18.65, 883.03
2021-06-29 09:00:00, 29054.98, 11625.97, 80.81, 77.51, 388.87, 25.08, 5237.03, 600.87, 69.78, 24.62, 20.18, 96.34, 18.31, 1333.77
2021-06-29 17:00:00, 29300.17, 11577.49, 101.46, 70.78, 526.98, 2.33, 5215.55, 609.17, 0.96, 30.02, 23.75, 24.30, 18.80, 994.22
2021-06-30 01:00:00, 28475.46, 11278.82, 0.29, 58.11, 314.93, 2.35, 5217.28, 610.27, 0.90, 22.56, 16.74, 66.95, 17.98, 1244.59
2021-06-30 09:00:00, 29552.17, 11895.81, 290.49, 90.89, 322.99, 6.80, 5183.29, 641.88, 2.80, 29.39, 21.28, 14.89, 47.86, 1051.68
2021-06-30 17:00:00, 29297.60, 12437.93, 241.30, 72.94, 451.73, 2.27, 5154.68, 605.92, 88.70, 32.42, 26.86, 55.93, 58.32, 1463.42
2021-07-01 01:00:00, 27490.11, 10082.68, 79.62, 57.70, 306.22, 2.13, 5192.39, 808.00, 0.39, 28.86, 17.56, 10.86, 16.27, 729.04
2021-07-01 09:00:00, 33163.97, 14423.31, 4269.12, 99.39, 733.62, 2.23, 5201.41, 2024.21, 19.96, 22.33, 28.64, 161.48, 469.20, 941.35
2021-07-01 17:00:00, 28852.29, 12268.69, 156.07, 90.12, 572.04, 2.40, 5171.27, 1176.62, 3.31, 30.73, 24.10, 10.47, 18.33, 1964.52
2021-07-02 01:00:00, 27190.15, 8543.22, 110.61, 64.00, 360.05, 2.02, 5214.69, 608.80, 18.60, 20.97, 20.55, 69.65, 16.85, 658.46
2021-07-02 09:00:00, 28953.92, 8311.88, 170.33, 86.59, 429.73, 16.29, 5228.11, 595.38, 55.35, 28.55, 18.42, 2156.76, 20.49, 963.79
2021-07-02 17:00:00, 26462.43, 7115.72, 51.65, 64.13, 461.31, 1.77, 5229.38, 604.66, 0.70, 19.45, 28.05, 32.21, 16.91, 898.40
2021-07-03 01:00:00, 23033.53, 5892.47, 73.96, 65.89, 304.54, 1.56, 5255.81, 816.80, 0.77, 24.65, 35.96, 79.37, 49.30, 712.98
2021-07-03 09:00:00, 25744.57, 6752.71, 125.28, 73.46, 323.74, 1.56, 5257.01, 598.27, 1.22, 32.05, 18.56, 35.97, 143.76, 718.23
2021-07-03 17:00:00, 25617.32, 7412.57, 120.84, 68.66, 537.94, 1.82, 5211.91, 1005.95, 1.31, 28.39, 27.14, 23.40, 102.39, 723.28
2021-07-04 01:00:00, 19528.47, 5410.74, 24.72, 55.82, 301.59, 1.53, 5269.64, 789.78, 0.93, 23.40, 20.01, 10.63, 11.39, 668.50
2021-07-04 09:00:00, 26681.51, 8896.59, 147.53, 82.12, 518.77, 1.87, 5263.99, 1508.96, 13.91, 26.26, 19.45, 256.26, 158.13, 918.79
2021-07-04 17:00:00, 27019.87, 11058.86, 124.16, 67.44, 935.94, 2.37, 5211.72, 2200.03, 0.98, 24.00, 25.92, 12.10, 233.16, 990.46
2021-07-05 01:00:00, 21911.99, 6452.96, 227.60, 68.23, 327.29, 1.75, 5268.21, 1575.11, 0.77, 55.89, 19.24, 72.55, 12.82, 622.36
2021-07-05 09:00:00, 25239.52, 7333.27, 49.86, 61.23, 317.19, 1.74, 5273.69, 603.07, 1.99, 18.85, 18.75, 17.27, 17.23, 620.75
2021-07-05 17:00:00, 30062.90, 11198.33, 869.75, 107.68, 681.14, 2.20, 5155.74, 607.00, 1.73, 24.23, 24.64, 1969.74, 169.89, 1162.06
2021-07-06 01:00:00, 27331.76, 9231.35, 123.34, 71.03, 371.71, 2.04, 5194.09, 1257.68, 1.03, 25.36, 18.32, 208.46, 16.39, 850.58
2021-07-06 09:00:00, 27736.32, 10692.51, 101.54, 65.56, 311.78, 22.78, 5176.02, 601.49, 1.80, 30.95, 25.10, 72.05, 17.62, 626.06
2021-07-06 17:00:00, 27745.72, 10079.78, 150.59, 65.91, 400.07, 7.38, 5146.71, 606.29, 4.36, 34.02, 17.89, 11.54, 18.03, 1122.74
2021-07-07 01:00:00, 18805.75, 6743.07, 0.26, 52.93, 307.39, 1.72, 5202.84, 607.77, 0.58, 20.14, 18.18, 8.84, 10.12, 712.09
2021-07-07 09:00:00, 19845.72, 5731.70, 95.57, 67.50, 486.49, 33.80, 5220.86, 594.88, 43.93, 19.03, 19.00, 14.15, 11.45, 803.07
2021-07-07 17:00:00, 29950.45, 10621.27, 294.51, 91.55, 770.82, 158.07, 5210.33, 1952.79, 42.84, 38.10, 26.92, 1827.66, 19.06, 916.89
2021-07-08 01:00:00, 21547.03, 5447.26, 75.51, 71.41, 351.20, 1.62, 5217.61, 775.67, 0.67, 20.34, 19.43, 90.18, 13.29, 750.79
2021-07-08 09:00:00, 21893.27, 5390.95, 68.12, 67.85, 555.92, 1.51, 5208.38, 594.78, 1.10, 25.72, 18.46, 192.52, 239.89, 683.93
2021-07-08 17:00:00, 20311.06, 6192.27, 166.09, 81.98, 620.40, 8.57, 5172.81, 604.89, 1.59, 29.32, 27.95, 9.06, 92.23, 1260.20
2021-07-09 01:00:00, 18955.72, 5329.25, 31.18, 57.78, 412.67, 1.76, 5207.74, 607.90, 0.91, 21.21, 27.89, 70.62, 10.67, 669.63
2021-07-09 09:00:00, 24723.24, 4660.84, 56.88, 73.13, 428.81, 1.35, 5219.23, 595.82, 1.77, 14.55, 20.38, 14.14, 79.63, 494.88
2021-07-09 17:00:00, 22264.23, 7997.06, 333.98, 123.94, 765.66, 1.85, 5192.16, 829.64, 23.82, 21.56, 27.94, 1887.72, 13.09, 922.08
2021-07-10 01:00:00, 15459.49, 5797.23, 117.22, 59.41, 371.89, 1.61, 5243.58, 609.29, 0.34, 21.14, 20.18, 227.42, 8.01, 782.80
2021-07-10 09:00:00, 25587.49, 8899.02, 77.63, 73.22, 316.58, 1.90, 5248.90, 603.36, 0.77, 18.36, 18.35, 91.49, 144.23, 555.20
2021-07-10 17:00:00, 28495.15, 11630.08, 175.23, 77.52, 609.31, 2.48, 5184.47, 1113.68, 1.42, 25.92, 24.63, 81.04, 18.44, 1100.88
2021-07-11 01:00:00, 18495.59, 6800.22, 43.65, 57.34, 305.29, 1.70, 5213.18, 669.67, 0.68, 19.45, 18.65, 67.92, 50.42, 814.29
2021-07-11 09:00:00, 28627.88, 8168.16, 146.22, 86.58, 365.97, 1.82, 5223.28, 1076.37, 1.65, 29.76, 17.50, 2336.44, 18.64, 979.63
2021-07-11 17:00:00, 26870.66, 10136.48, 227.28, 85.64, 549.69, 2.09, 5171.27, 999.96, 13.48, 28.16, 68.84, 10.72, 17.01, 594.54
2021-07-12 01:00:00, 23747.27, 7001.33, 286.55, 64.44, 358.39, 1.78, 5201.02, 606.45, 6.18, 65.06, 24.21, 123.59, 14.68, 1130.52
2021-07-12 09:00:00, 26744.88, 9161.24, 89.92, 62.49, 351.71, 1.98, 5226.46, 601.28, 0.66, 25.58, 17.86, 16.51, 17.52, 614.83
2021-07-12 17:00:00, 29131.62, 12659.54, 217.09, 94.09, 627.62, 2.94, 5168.85, 902.81, 3.01, 26.90, 25.79, 72.53, 81.39, 1211.43
2021-07-13 01:00:00, 27199.45, 8873.49, 92.09, 70.24, 341.58, 1.96, 5193.83, 968.26, 0.44, 23.60, 31.83, 117.43, 18.01, 1146.78
2021-07-13 09:00:00, 28783.45, 10973.83, 74.86, 68.66, 308.94, 2.24, 5158.45, 598.67, 6.39, 23.51, 19.31, 98.17, 16.56, 704.56
2021-07-13 17:00:00, 31690.81, 12549.21, 281.90, 101.18, 684.81, 2.60, 5130.27, 777.93, 1.40, 40.69, 164.21, 1840.26, 21.09, 1480.33
2021-07-14 01:00:00, 27544.96, 10602.55, 24.90, 53.50, 335.32, 2.37, 5136.35, 608.98, 0.86, 20.39, 16.60, 30.46, 18.12, 695.33
2021-07-14 09:00:00, 20931.40, 6818.95, 252.19, 96.06, 611.29, 11.48, 5177.76, 598.78, 104.16, 29.43, 19.96, 84.52, 128.99, 1124.54
2021-07-14 17:00:00, 10876.45, 3871.24, 0.17, 63.74, 346.94, 0.06, 5138.31, 603.17, 0.62, 18.51, 18.91, 6.32, 4.18, 1135.92
2021-07-15 01:00:00, 10873.60, 3727.67, 0.18, 53.27, 305.43, 0.08, 5171.65, 606.87, 0.84, 20.52, 20.36, 5.97, 4.08, 869.58
2021-07-15 09:00:00, 11026.54, 3647.71, 0.15, 62.59, 326.52, 0.07, 5157.65, 597.14, 1.63, 19.92, 19.92, 11.73, 5.77, 684.66
2021-07-15 17:00:00, 10902.00, 3845.38, 0.20, 56.41, 348.23, 0.08, 5077.97, 601.71, 1.31, 21.68, 18.36, 5.67, 4.31, 1140.32
2021-07-16 01:00:00, 11024.56, 3692.65, 0.15, 49.27, 308.28, 0.07, 5114.38, 604.78, 1.15, 19.73, 19.84, 5.21, 3.46, 842.02
2021-07-16 09:00:00, 11047.71, 3720.05, 27.23, 61.98, 299.45, 0.09, 5154.73, 595.58, 1.41, 21.23, 19.88, 10.44, 5.86, 837.17
2021-07-16 17:00:00, 10879.81, 3727.24, 0.17, 56.34, 344.84, 0.08, 5122.79, 603.24, 1.10, 22.07, 19.07, 5.46, 4.46, 867.66
2021-07-17 01:00:00, 10881.21, 3664.53, 0.21, 49.31, 305.44, 0.07, 5150.02, 605.68, 1.02, 21.95, 20.15, 5.07, 4.37, 770.32
2021-07-17 09:00:00, 10857.80, 3713.85, 0.14, 61.53, 298.57, 0.07, 5160.55, 594.46, 1.25, 19.34, 19.38, 8.77, 6.23, 863.97
2021-07-17 17:00:00, 22989.49, 9019.25, 335.30, 94.86, 596.44, 0.13, 5128.29, 981.07, 81.44, 36.68, 25.98, 5.89, 13.60, 1298.29
2021-07-18 01:00:00, 27784.65, 9497.34, 47.52, 52.29, 314.66, 0.08, 5160.58, 782.92, 0.26, 27.80, 17.81, 5.56, 17.18, 688.28
2021-07-18 09:00:00, 28618.31, 11875.43, 386.25, 86.24, 416.68, 26.63, 5160.54, 935.84, 60.97, 32.12, 25.21, 137.80, 17.45, 1165.11
2021-07-18 17:00:00, 30573.20, 11974.34, 144.27, 93.21, 623.07, 0.08, 5105.75, 769.93, 0.71, 30.34, 25.16, 1727.51, 55.48, 1530.26
2021-07-19 01:00:00, 27715.39, 10537.76, 24.00, 52.83, 308.70, 0.10, 5147.44, 611.72, 0.72, 25.69, 17.17, 91.56, 17.16, 793.85
2021-07-19 09:00:00, 28348.35, 11081.35, 78.23, 62.50, 327.33, 0.10, 5134.21, 602.24, 1.71, 26.63, 17.16, 29.85, 17.74, 930.61
2021-07-19 17:00:00, 28702.61, 11319.35, 179.20, 79.54, 544.29, 0.10, 5062.24, 607.32, 7.77, 31.74, 16.24, 10.57, 81.57, 974.69
2021-07-20 01:00:00, 27860.08, 10830.35, 54.85, 54.03, 311.36, 0.08, 5101.65, 611.66, 0.55, 23.93, 17.05, 67.93, 16.96, 902.35
2021-07-20 09:00:00, 28217.05, 11073.11, 89.72, 60.11, 329.41, 0.09, 5099.77, 601.23, 1.51, 35.38, 16.96, 14.94, 17.33, 1055.59
2021-07-20 17:00:00, 29970.38, 11746.43, 152.95, 86.21, 460.76, 0.10, 5092.33, 615.82, 20.90, 25.21, 24.10, 1834.39, 18.72, 1005.10
2021-07-21 01:00:00, 27456.21, 9675.25, 264.54, 54.41, 306.87, 0.09, 5124.21, 709.31, 0.33, 67.93, 17.87, 30.78, 15.93, 977.38
2021-07-21 09:00:00, 28655.86, 11695.07, 146.89, 76.54, 404.69, 0.14, 5155.52, 703.15, 115.03, 29.79, 32.90, 30.21, 16.89, 930.34
2021-07-21 17:00:00, 27591.22, 11240.51, 103.90, 82.40, 962.66, 0.14, 5117.43, 898.96, 0.46, 20.51, 27.25, 10.91, 96.08, 926.07
2021-07-22 01:00:00, 26568.70, 7514.04, 28.52, 54.06, 461.14, 0.10, 5168.48, 608.48, 0.47, 18.29, 18.15, 10.27, 16.65, 829.21
2021-07-22 09:00:00, 27518.11, 9546.12, 48.67, 68.84, 306.89, 0.15, 5190.42, 601.52, 1.23, 24.41, 18.25, 140.92, 18.16, 847.04
2021-07-22 17:00:00, 27351.54, 11280.14, 168.89, 86.47, 663.88, 0.13, 5144.60, 610.72, 10.68, 23.45, 26.54, 6.90, 17.83, 1389.32
2021-07-23 01:00:00, 25002.92, 7803.65, 70.27, 65.92, 482.95, 0.12, 5169.60, 608.45, 0.61, 19.72, 26.12, 7.09, 101.78, 697.55
2021-07-23 09:00:00, 27271.96, 9036.90, 129.77, 71.66, 321.04, 160.48, 5190.72, 602.83, 1.65, 26.35, 18.96, 153.47, 17.91, 646.71
2021-07-23 17:00:00, 31112.38, 11297.17, 274.83, 105.06, 623.07, 16.32, 5133.89, 596.67, 7.83, 29.56, 27.87, 2008.86, 43.42, 1218.06
2021-07-24 01:00:00, 23591.13, 6251.52, 50.97, 53.60, 303.40, 0.09, 5152.13, 568.73, 0.40, 23.52, 26.02, 212.13, 15.00, 830.19
2021-07-24 09:00:00, 28524.43, 9530.19, 1103.71, 61.24, 314.57, 0.12, 5168.45, 573.84, 99.09, 23.98, 18.66, 97.56, 18.02, 639.68
2021-07-24 17:00:00, 28951.13, 11760.47, 1265.42, 87.71, 505.83, 0.11, 5076.09, 599.97, 35.87, 34.60, 64.14, 30.98, 17.49, 1483.57
2021-07-25 01:00:00, 27151.23, 8031.57, 23.50, 57.82, 312.16, 0.09, 5095.61, 776.88, 0.44, 25.85, 18.28, 30.98, 17.40, 589.99
2021-07-25 09:00:00, 28769.68, 11914.73, 307.46, 89.70, 420.16, 0.12, 5085.03, 1903.45, 1.48, 33.42, 32.91, 130.26, 18.72, 1241.15
2021-07-25 17:00:00, 29737.19, 11887.69, 114.88, 80.64, 665.46, 0.10, 5048.09, 1491.09, 12.21, 30.52, 21.94, 10.43, 19.67, 1238.07
2021-07-26 01:00:00, 28201.65, 9540.18, 30.67, 54.15, 312.19, 0.13, 5080.30, 612.97, 0.58, 21.06, 16.32, 73.32, 17.52, 773.35
2021-07-26 09:00:00, 29038.26, 11049.37, 99.79, 70.32, 319.21, 0.14, 5104.62, 613.70, 1.47, 19.82, 16.74, 111.13, 121.85, 777.29
2021-07-26 17:00:00, 32639.85, 12865.39, 160.58, 98.54, 656.52, 0.13, 5067.98, 1397.97, 1.36, 25.26, 31.49, 1767.08, 147.74, 1354.03
2021-07-27 01:00:00, 27052.24, 7436.61, 28.18, 51.92, 306.52, 0.11, 5102.70, 606.92, 19.87, 18.29, 18.63, 30.92, 17.12, 711.79
2021-07-27 09:00:00, 26266.60, 7286.15, 71.08, 63.06, 368.07, 0.13, 5127.12, 596.23, 28.34, 25.99, 20.87, 256.90, 16.90, 941.35
2021-07-27 17:00:00, 25345.03, 6825.07, 271.80, 91.70, 725.94, 0.14, 5066.14, 713.51, 16.82, 25.56, 43.17, 14.01, 161.09, 895.01
2021-07-28 01:00:00, 18160.96, 4854.27, 25.02, 49.16, 301.67, 0.08, 5074.34, 698.70, 0.38, 23.42, 20.45, 9.55, 10.10, 623.51
2021-07-28 09:00:00, 27324.98, 7418.09, 278.80, 105.38, 422.37, 25.14, 5087.32, 1195.70, 97.30, 35.22, 135.49, 80.94, 116.46, 813.21
2021-07-28 17:00:00, 27640.57, 10153.61, 47.84, 73.30, 662.70, 0.16, 5047.28, 608.63, 42.94, 19.15, 37.86, 10.83, 16.76, 1240.78
2021-07-29 01:00:00, 20071.11, 6632.62, 285.34, 58.67, 348.62, 0.09, 5059.13, 607.81, 0.91, 63.36, 19.18, 68.14, 11.26, 820.35
2021-07-29 09:00:00, 20893.83, 5956.75, 96.29, 60.52, 316.86, 0.12, 5055.97, 595.80, 1.43, 26.35, 18.94, 190.56, 279.62, 837.54
2021-07-29 17:00:00, 29382.58, 7796.27, 408.08, 98.99, 558.31, 0.12, 5012.14, 608.72, 1.48, 22.96, 28.76, 2005.40, 352.59, 1067.00
2021-07-30 01:00:00, 19259.18, 5445.28, 47.67, 55.91, 380.13, 0.10, 5034.30, 608.14, 0.89, 22.58, 19.82, 91.89, 10.79, 565.85
2021-07-30 09:00:00, 24376.79, 5960.90, 212.83, 77.56, 465.86, 0.12, 5069.55, 607.10, 1.21, 25.18, 21.23, 39.70, 80.27, 1139.41
2021-07-30 17:00:00, 25464.02, 8234.96, 1542.29, 108.07, 588.67, 0.13, 5042.02, 610.98, 7.80, 23.68, 30.57, 2189.64, 230.12, 1233.49
2021-07-31 01:00:00, 15656.79, 4785.33, 73.65, 61.30, 306.92, 0.11, 5052.49, 656.92, 11.90, 22.93, 20.09, 155.06, 7.94, 839.64
2021-07-31 09:00:00, 20343.76, 6100.50, 374.06, 131.05, 684.68, 1.09, 5049.79, 778.15, 32.46, 31.41, 23.84, 162.14, 12.85, 1631.98
2021-07-31 17:00:00, 10734.32, 3574.65, 65.06, 63.10, 346.64, 0.07, 5011.62, 607.73, 5.24, 29.06, 19.69, 9.47, 3.56, 597.78
2021-08-01 01:00:00, 10713.95, 3615.12, 0.20, 44.60, 304.07, 0.06, 5015.89, 609.02, 0.82, 15.93, 20.33, 8.64, 3.40, 819.93
2021-08-01 09:00:00, 10750.81, 3526.43, 0.13, 65.01, 293.75, 0.07, 5020.99, 597.88, 1.13, 17.75, 19.22, 13.33, 4.64, 635.16
2021-08-01 17:00:00, 10672.37, 3510.31, 0.17, 62.77, 345.53, 0.09, 5010.88, 609.08, 1.17, 16.05, 19.34, 9.19, 3.56, 544.45
2021-08-02 01:00:00, 10690.84, 3488.18, 0.13, 45.26, 304.18, 0.09, 5035.58, 610.64, 1.04, 17.76, 21.07, 10.28, 2.72, 538.10
2021-08-02 09:00:00, 16583.23, 3824.84, 0.19, 64.15, 304.79, 0.07, 5074.65, 603.14, 1.79, 13.33, 20.97, 19.36, 10.08, 872.07
2021-08-02 17:00:00, 16626.52, 3747.56, 0.17, 63.00, 351.35, 0.08, 5031.20, 609.57, 1.32, 17.77, 19.40, 10.72, 8.91, 687.19
2021-08-03 01:00:00, 11904.55, 3518.98, 0.15, 45.38, 306.31, 0.08, 5045.00, 611.43, 1.01, 16.06, 20.54, 10.42, 3.57, 525.28
2021-08-03 09:00:00, 24583.08, 7852.87, 2061.09, 104.15, 485.96, 224.55, 5063.92, 605.51, 62.38, 18.43, 126.62, 17.86, 13.38, 1055.95
2021-08-03 17:00:00, 29874.70, 10396.81, 2459.75, 70.93, 505.65, 15.77, 4988.56, 610.18, 46.17, 29.61, 54.95, 10.18, 42.27, 1018.99
2021-08-04 01:00:00, 21768.49, 6484.91, 49.90, 55.93, 306.65, 1.63, 4999.67, 874.18, 0.34, 22.09, 18.64, 9.67, 13.36, 632.96
2021-08-04 09:00:00, 28708.69, 9404.76, 303.66, 111.45, 349.65, 2.01, 5026.21, 938.13, 58.27, 28.26, 60.92, 139.59, 127.51, 992.09
2021-08-04 17:00:00, 31679.38, 9772.24, 256.57, 105.16, 542.84, 2.14, 4950.93, 743.68, 0.42, 38.61, 49.17, 1964.40, 20.93, 1201.59
2021-08-05 01:00:00, 26837.94, 7134.11, 23.76, 50.65, 308.88, 1.75, 4983.36, 608.20, 0.43, 19.30, 18.26, 93.76, 17.79, 791.06
2021-08-05 09:00:00, 27773.48, 7813.44, 22.85, 74.32, 314.46, 1.84, 5009.74, 600.71, 1.12, 20.33, 18.41, 37.12, 104.63, 814.85
2021-08-05 17:00:00, 31057.65, 9984.23, 3037.29, 66.51, 455.70, 1.94, 4932.49, 608.29, 1.36, 25.86, 24.66, 30.82, 18.22, 850.81
2021-08-06 01:00:00, 27366.77, 7947.32, 271.59, 59.92, 334.44, 1.89, 4976.66, 608.97, 0.81, 61.70, 18.49, 95.90, 17.83, 785.16
2021-08-06 09:00:00, 27898.21, 8081.28, 139.15, 86.95, 333.36, 1.71, 4985.64, 601.33, 1.75, 23.95, 18.82, 38.91, 19.03, 834.67
2021-08-06 17:00:00, 28430.70, 9049.96, 110.28, 65.17, 612.10, 2.82, 4916.30, 963.17, 1.38, 22.07, 24.52, 57.34, 44.93, 1166.81
2021-08-07 01:00:00, 27366.12, 8146.37, 151.98, 66.69, 383.97, 1.74, 4919.14, 1255.75, 0.78, 31.26, 21.15, 105.54, 17.76, 928.38
2021-08-07 09:00:00, 28343.02, 8169.43, 73.41, 74.58, 335.11, 1.70, 4916.34, 677.04, 55.83, 26.98, 18.33, 14.65, 18.71, 950.93
2021-08-07 17:00:00, 29818.51, 9881.79, 171.17, 68.85, 437.12, 2.33, 4917.40, 1571.26, 6.17, 27.28, 25.41, 9.88, 104.05, 1094.08
2021-08-08 01:00:00, 27199.31, 7041.85, 0.34, 49.39, 311.10, 1.73, 4922.10, 606.99, 0.54, 18.69, 18.39, 9.81, 17.41, 454.73
2021-08-08 09:00:00, 29714.17, 12648.79, 941.10, 98.58, 950.98, 2.20, 4891.44, 1457.21, 14.63, 33.61, 32.72, 80.01, 17.24, 1331.38
2021-08-08 17:00:00, 34696.16, 14592.63, 3264.61, 88.23, 2372.99, 3.49, 4864.74, 1125.68, 0.75, 25.48, 28.76, 1978.02, 200.16, 1038.79
2021-08-09 01:00:00, 27897.67, 10612.03, 25.31, 59.21, 312.12, 30.92, 4914.38, 610.23, 0.75, 21.63, 16.80, 59.41, 16.99, 929.42
2021-08-09 09:00:00, 30112.40, 12301.65, 100.33, 95.05, 320.12, 107.40, 4939.56, 602.27, 1.69, 23.10, 17.56, 68.89, 18.26, 1230.89
2021-08-09 17:00:00, 29571.46, 11974.90, 119.11, 63.51, 455.43, 2.42, 4873.78, 609.62, 1.83, 33.27, 17.40, 23.89, 79.31, 1124.93
2021-08-10 01:00:00, 28543.87, 11224.56, 55.84, 59.64, 316.01, 2.22, 4897.42, 610.43, 0.86, 24.60, 24.45, 77.64, 19.04, 1081.96
2021-08-10 09:00:00, 29422.84, 11517.27, 93.74, 81.14, 343.08, 1.83, 4889.52, 600.00, 39.59, 32.94, 16.88, 29.93, 150.93, 1136.66
2021-08-10 17:00:00, 31854.21, 12788.43, 334.17, 95.77, 1212.43, 2.86, 4835.61, 607.35, 12.64, 30.56, 25.48, 1605.56, 21.20, 1278.88
2021-08-11 01:00:00, 28929.56, 11467.16, 23.39, 54.01, 322.62, 1.87, 4850.03, 818.45, 0.48, 27.66, 16.77, 8.92, 18.49, 967.97
2021-08-11 09:00:00, 33096.60, 13278.22, 120.82, 95.80, 426.65, 2.25, 4837.38, 1356.33, 100.18, 23.25, 26.64, 1776.54, 20.43, 1572.62
2021-08-11 17:00:00, 33506.28, 14375.56, 264.91, 101.72, 2266.22, 3.89, 4812.27, 604.84, 1.08, 43.89, 25.91, 14.57, 58.18, 1273.95
2021-08-12 01:00:00, 29414.52, 11570.46, 86.79, 59.95, 320.51, 2.00, 4845.43, 611.14, 47.46, 28.88, 16.82, 67.49, 19.72, 1154.10
2021-08-12 09:00:00, 29918.40, 11866.44, 143.72, 75.97, 314.14, 2.08, 4849.94, 598.86, 9.79, 35.45, 17.32, 15.30, 98.96, 1019.00
2021-08-12 17:00:00, 35487.31, 15266.42, 3294.89, 103.51, 3272.09, 3.83, 4811.71, 603.94, 0.89, 32.04, 24.16, 1807.82, 21.86, 1779.96
2021-08-13 01:00:00, 29292.16, 11280.76, 257.35, 60.75, 324.79, 2.13, 4844.38, 609.21, 0.82, 68.91, 16.92, 66.95, 18.28, 1021.64
2021-08-13 09:00:00, 30492.41, 12661.65, 262.88, 89.90, 356.00, 22.03, 4864.82, 602.22, 27.11, 35.23, 33.10, 14.99, 16.86, 1141.50
2021-08-13 17:00:00, 33866.11, 13028.15, 156.65, 93.57, 1184.07, 2.53, 4796.84, 1258.89, 0.83, 29.87, 31.23, 1715.59, 22.40, 1448.69
2021-08-14 01:00:00, 29216.85, 10989.55, 53.84, 61.40, 311.57, 2.14, 4834.14, 609.51, 0.75, 22.49, 27.97, 86.88, 18.35, 957.42
2021-08-14 09:00:00, 30231.52, 11873.44, 215.60, 92.10, 376.90, 2.08, 4887.44, 602.21, 1.16, 24.03, 18.36, 36.04, 103.85, 1322.98
2021-08-14 17:00:00, 28862.85, 11726.61, 52.51, 71.72, 791.96, 3.57, 4864.37, 1274.34, 0.86, 27.16, 16.09, 10.07, 18.50, 957.21
2021-08-15 01:00:00, 27817.20, 8323.19, 58.37, 69.90, 303.05, 1.92, 4926.43, 806.02, 0.53, 26.02, 18.15, 682.16, 18.32, 840.51
2021-08-15 09:00:00, 33813.80, 12018.41, 2827.50, 93.38, 345.12, 2.09, 4928.11, 1216.76, 1.13, 26.65, 17.75, 2168.25, 108.17, 1152.52
2021-08-15 17:00:00, 32889.18, 12662.78, 4180.87, 73.48, 427.01, 2.92, 4862.25, 1229.01, 1.26, 25.08, 16.19, 946.30, 18.71, 850.08
2021-08-16 01:00:00, 25575.21, 6314.34, 26.44, 57.40, 300.70, 1.79, 4912.73, 607.52, 0.71, 24.58, 18.59, 9.78, 16.65, 754.50
2021-08-16 09:00:00, 27065.73, 8231.12, 25.12, 55.87, 305.76, 1.79, 4927.72, 601.26, 1.58, 23.44, 18.17, 17.29, 18.16, 707.50
2021-08-16 17:00:00, 30468.94, 10961.46, 3267.10, 73.94, 428.40, 2.20, 4853.96, 609.15, 1.33, 20.63, 16.67, 7.14, 16.81, 761.16
2021-08-17 01:00:00, 26588.76, 7066.36, 25.35, 59.61, 335.12, 1.83, 4860.31, 608.41, 0.85, 23.74, 18.28, 4.47, 16.49, 644.44
2021-08-17 09:00:00, 26796.31, 7774.58, 25.63, 54.83, 299.47, 1.78, 4859.78, 596.02, 1.47, 24.34, 17.45, 10.27, 16.60, 758.87
2021-08-17 17:00:00, 29636.48, 8817.16, 256.82, 129.89, 713.09, 2.02, 4825.59, 606.32, 1.64, 34.94, 17.25, 1748.54, 18.77, 890.42
2021-08-18 01:00:00, 27201.94, 7828.98, 0.14, 54.63, 314.64, 1.96, 4870.15, 608.78, 1.12, 53.80, 17.87, 29.94, 16.15, 731.37
2021-08-18 09:00:00, 28461.93, 9689.80, 205.23, 73.45, 592.95, 1.79, 4889.41, 599.38, 71.84, 53.77, 17.81, 31.15, 112.21, 1190.43
2021-08-18 17:00:00, 31759.41, 12290.33, 124.40, 87.67, 5980.01, 4.62, 4791.14, 598.34, 36.63, 60.86, 28.52, 1635.09, 21.11, 831.68
2021-08-19 01:00:00, 28454.70, 11426.54, 150.30, 67.70, 4873.45, 4.52, 4818.43, 841.33, 0.41, 55.30, 22.79, 108.83, 17.32, 845.72
2021-08-19 09:00:00, 28827.05, 9573.49, 125.04, 71.12, 424.65, 1.67, 4826.61, 1538.89, 65.50, 57.76, 18.89, 65.59, 16.82, 1164.44
2021-08-19 17:00:00, 29396.20, 9485.46, 95.97, 94.01, 612.07, 1.93, 4779.24, 754.16, 87.12, 56.41, 24.54, 9.56, 18.68, 1056.00
2021-08-20 01:00:00, 28401.46, 8836.25, 59.44, 60.89, 316.25, 1.92, 4793.79, 640.65, 9.08, 56.40, 18.11, 66.70, 18.30, 1060.70
2021-08-20 09:00:00, 31328.47, 10820.24, 2201.34, 60.19, 314.16, 1.69, 4810.27, 651.26, 30.76, 62.41, 19.78, 16.02, 18.45, 1224.15
2021-08-20 17:00:00, 33414.14, 14455.80, 1144.64, 93.82, 2422.07, 267.64, 4738.85, 1286.42, 93.53, 60.81, 728.78, 6.29, 18.97, 1662.31
2021-08-21 01:00:00, 30143.84, 11851.92, 359.78, 61.06, 563.19, 2.28, 4774.34, 612.28, 0.66, 109.50, 796.89, 68.73, 17.80, 934.25
2021-08-21 09:00:00, 32181.85, 12324.46, 372.58, 123.15, 419.50, 1.96, 4783.49, 600.63, 1.90, 76.24, 13.85, 1678.53, 78.24, 1556.89
2021-08-21 17:00:00, 31635.86, 12901.77, 312.30, 100.68, 723.36, 34.62, 4707.66, 610.13, 1.29, 70.74, 260.79, 13.98, 20.21, 2050.02
2021-08-22 01:00:00, 30375.31, 10774.40, 188.06, 71.92, 642.93, 2.36, 4753.08, 869.94, 21.72, 34.88, 803.00, 119.89, 18.79, 1303.02
2021-08-22 09:00:00, 31316.27, 7615.89, 564.25, 69.52, 547.02, 1.57, 4775.06, 2327.00, 90.00, 38.09, 650.28, 221.89, 20.91, 1248.97
2021-08-22 17:00:00, 33895.44, 15681.90, 2919.94, 87.48, 3557.87, 4.24, 4698.93, 1582.72, 3.12, 28.75, 27.75, 10.18, 160.78, 1436.86
2021-08-23 01:00:00, 28697.89, 11215.20, 28.93, 58.51, 340.18, 2.55, 4738.48, 610.79, 23.88, 27.19, 3.89, 66.16, 19.02, 809.88
2021-08-23 09:00:00, 19856.12, 11819.40, 142.88, 68.42, 1000.17, 2.26, 4948.06, 614.77, 35.72, 34.60, 6.14, 16.14, 18.81, 1243.71
2021-08-23 17:00:00, 31798.37, 12353.16, 217.48, 83.96, 1055.80, 2.28, 4942.95, 610.06, 62.36, 33.56, 13.45, 2202.52, 23.31, 1168.44
2021-08-24 01:00:00, 29360.24, 11273.49, 26.95, 55.63, 337.89, 2.40, 4978.78, 612.41, 9.73, 24.04, 4.20, 84.60, 19.16, 864.59
2021-08-24 09:00:00, 30130.19, 11903.01, 94.70, 77.55, 321.77, 1.85, 4995.74, 601.54, 1.46, 30.45, 17.26, 73.86, 105.22, 1319.19
2021-08-24 17:00:00, 33593.15, 15498.32, 3118.40, 79.89, 3858.50, 4.37, 4931.20, 1158.69, 1.12, 41.59, 26.55, 10.07, 105.33, 1359.89
2021-08-25 01:00:00, 28802.92, 11282.81, 26.39, 50.14, 314.52, 2.55, 4981.42, 852.85, 0.80, 23.94, 13.43, 51.57, 17.88, 1142.24
2021-08-25 09:00:00, 31859.99, 11511.19, 321.30, 108.37, 444.48, 1.99, 4996.07, 1277.41, 115.35, 31.35, 8.73, 1839.92, 155.15, 1173.20
2021-08-25 17:00:00, 30062.19, 11359.82, 98.40, 66.81, 396.84, 2.65, 4935.90, 608.80, 24.95, 33.04, 12.01, 31.27, 19.92, 1295.69
2021-08-26 01:00:00, 29748.09, 10662.49, 246.78, 57.10, 345.01, 2.45, 4961.73, 610.30, 0.53, 65.82, 4.05, 162.02, 19.18, 910.66
2021-08-26 09:00:00, 30347.53, 10717.98, 105.44, 71.28, 315.09, 1.83, 4976.08, 600.66, 1.50, 35.82, 8.59, 36.87, 20.53, 991.55
2021-08-26 17:00:00, 34406.26, 14910.97, 2787.98, 76.17, 2038.36, 2.77, 4903.37, 607.38, 16.95, 26.41, 14.20, 15.04, 19.81, 1320.39
2021-08-27 01:00:00, 29629.49, 11158.68, 57.24, 61.11, 320.84, 29.38, 4961.04, 610.45, 0.37, 26.57, 14.92, 69.75, 19.28, 910.21
2021-08-27 09:00:00, 29512.54, 11401.96, 46.30, 70.55, 313.79, 2.28, 5012.64, 602.18, 0.55, 27.26, 9.24, 83.02, 20.13, 1102.78
2021-08-27 17:00:00, 30027.23, 11908.42, 71.02, 73.83, 535.14, 2.69, 4968.32, 797.05, 0.95, 23.13, 15.07, 9.61, 19.07, 972.21
2021-08-28 01:00:00, 27926.05, 8830.92, 48.08, 54.83, 333.08, 2.19, 4987.13, 829.44, 0.67, 22.64, 14.86, 92.11, 17.01, 793.27
2021-08-28 09:00:00, 30055.48, 11261.41, 381.19, 102.14, 520.19, 5.75, 4990.05, 964.85, 33.11, 26.26, 14.54, 69.30, 15.43, 1088.19
2021-08-28 17:00:00, 27765.96, 7936.17, 49.17, 65.21, 427.70, 2.62, 4971.23, 602.99, 10.46, 23.34, 15.63, 8.67, 17.89, 724.83
2021-08-29 01:00:00, 27682.33, 8336.32, 133.95, 63.35, 1058.36, 2.16, 4983.26, 1628.72, 0.39, 28.50, 11.85, 72.09, 17.22, 901.15
2021-08-29 09:00:00, 27860.20, 9889.12, 72.06, 68.59, 2255.67, 2.55, 4948.25, 2114.63, 12.76, 22.89, 7.53, 13.50, 16.30, 901.91
2021-08-29 17:00:00, 31517.10, 9728.80, 193.48, 86.27, 667.38, 5.85, 4904.22, 1460.76, 1.43, 38.36, 9.06, 1917.39, 21.63, 1303.02
2021-08-30 01:00:00, 28671.13, 8715.74, 60.29, 57.18, 281.72, 2.24, 4905.75, 609.31, 1.19, 21.94, 3.81, 29.60, 18.59, 1075.76
2021-08-30 09:00:00, 29416.89, 11224.04, 0.18, 70.12, 283.41, 2.10, 4912.22, 601.55, 1.53, 21.47, 8.09, 38.87, 19.47, 843.56
2021-08-30 17:00:00, 31030.65, 12069.24, 55.51, 74.34, 503.52, 2.64, 4865.96, 1514.06, 112.91, 20.78, 4.08, 1596.28, 148.19, 926.55
2021-08-31 01:00:00, 28203.93, 9165.61, 51.36, 57.77, 296.47, 2.38, 4905.69, 610.22, 1.49, 28.23, 4.17, 619.76, 18.68, 1042.39
2021-08-31 09:00:00, 29665.93, 10946.39, 24.25, 74.01, 281.74, 1.90, 4915.47, 600.26, 0.82, 18.27, 8.34, 970.76, 19.88, 711.40
2021-08-31 17:00:00, 31040.90, 14799.72, 2750.45, 85.75, 3514.93, 4.41, 4872.40, 1636.17, 1.21, 30.82, 4.83, 14.38, 132.50, 832.22
2021-09-01 01:00:00, 18348.47, 6821.54, 26.18, 54.16, 264.21, 1.61, 4915.91, 771.12, 11.58, 24.13, 4.81, 8.75, 9.97, 903.17
2021-09-01 09:00:00, 27395.24, 8937.22, 153.06, 87.27, 315.31, 1.79, 4954.04, 1225.97, 51.99, 25.61, 7.91, 84.80, 17.29, 809.29
2021-09-01 17:00:00, 21735.58, 8870.37, 236.47, 88.94, 1013.92, 1.93, 4902.48, 987.69, 3.48, 25.05, 13.90, 8.88, 84.28, 1045.00
2021-09-02 01:00:00, 13256.32, 5083.21, 23.70, 55.34, 266.88, 1.49, 4918.33, 608.69, 0.48, 20.93, 5.27, 71.93, 5.01, 835.32
2021-09-02 09:00:00, 19163.20, 4906.88, 83.83, 72.39, 273.32, 1.25, 4947.53, 594.37, 0.88, 24.26, 9.07, 118.98, 12.14, 835.34
2021-09-02 17:00:00, 10293.69, 2115.82, 23.21, 27.87, 266.67, 0.59, 2012.84, 244.78, 0.41, 7.59, 3.23, 5.29, 105.49, 244.22
