2021-01-01 00:00:00, 1793.5, 306.1, 16.4, 8.7, 27.7, 1.6, 225.2, 96.9, 0.0, 10.1, 805.3, 0.5, 0.3, 29.5
2021-01-01 08:00:00, 2337.6, 664.8, 41.6, 20.2, 61.8, 3.3, 374.7, 144.1, 12.5, 11.3, 889.6, 302.3, 23.8, 90.4
2021-01-01 16:00:00, 2543.5, 808.2, 41.2, 25.2, 105.3, 0.4, 428.1, 255.5, 7.1, 12.4, 1084.8, 35.3, 62.7, 150.7
2021-01-02 00:00:00, 1122.6, 286.3, 26.6, 6.0, 15.8, 0.2, 237.0, 77.3, 0.0, 17.4, 108.3, 0.6, 0.3, 37.5
2021-01-02 08:00:00, 1105.2, 514.9, 45.6, 14.4, 46.3, 4.1, 465.7, 74.8, 0.9, 11.7, 9.5, 22.2, 30.8, 95.0
2021-01-02 16:00:00, 1748.0, 833.2, 36.3, 18.5, 100.7, 0.4, 587.4, 363.8, 0.5, 10.6, 36.1, 270.9, 74.6, 137.1
2021-01-03 00:00:00, 2799.8, 374.7, 5.8, 6.5, 37.3, 0.3, 300.1, 79.7, 1.2, 8.4, 1897.2, 3.0, 0.2, 49.8
2021-01-03 08:00:00, 1641.1, 587.8, 17.7, 11.5, 61.4, 0.2, 476.3, 216.6, 4.4, 8.9, 654.5, 12.5, 5.1, 96.4
2021-01-03 16:00:00, 2025.0, 605.4, 13.7, 12.0, 69.2, 0.3, 520.7, 235.1, 0.1, 8.2, 900.4, 0.7, 31.8, 109.5
2021-01-04 00:00:00, 1682.8, 339.6, 11.0, 7.4, 43.2, 3.2, 243.1, 78.0, 0.1, 8.2, 719.0, 0.6, 0.3, 49.0
2021-01-04 08:00:00, 1115.1, 467.2, 24.7, 12.6, 16.9, 5.0, 590.1, 74.0, 0.2, 8.6, 9.5, 17.7, 64.5, 82.1
2021-01-04 16:00:00, 1587.7, 453.6, 39.3, 17.1, 80.8, 1.4, 216.1, 170.7, 14.8, 8.7, 319.5, 0.8, 94.8, 105.5
2021-01-05 00:00:00, 2471.9, 338.7, 17.4, 7.9, 27.8, 0.3, 248.9, 89.1, 0.0, 6.3, 1530.9, 0.5, 0.2, 35.6
2021-01-05 08:00:00, 1267.7, 521.8, 38.5, 15.6, 26.0, 0.6, 495.6, 74.4, 13.1, 7.8, 157.7, 44.5, 41.5, 131.2
2021-01-05 16:00:00, 2323.7, 535.9, 30.5, 17.3, 54.9, 2.3, 352.5, 150.8, 1.4, 8.0, 856.1, 234.3, 46.9, 103.5
2021-01-06 00:00:00, 2386.8, 334.3, 2.9, 6.6, 40.4, 0.3, 250.3, 79.4, 0.0, 5.9, 1422.8, 45.1, 0.3, 50.1
2021-01-06 08:00:00, 1456.4, 549.1, 37.6, 16.1, 56.1, 0.2, 384.1, 177.6, 7.8, 7.8, 401.3, 11.2, 48.2, 116.3
2021-01-06 16:00:00, 1910.3, 864.6, 30.6, 14.9, 91.2, 1.0, 377.7, 219.5, 0.1, 6.6, 613.8, 0.7, 42.3, 65.1
2021-01-07 00:00:00, 2316.6, 403.1, 28.7, 6.2, 15.6, 0.3, 392.5, 79.1, 0.1, 10.7, 1376.3, 0.5, 0.2, 49.4
2021-01-07 08:00:00, 2163.1, 589.9, 36.4, 14.0, 24.5, 1.7, 596.1, 76.1, 0.2, 7.9, 1155.9, 12.0, 21.6, 118.1
2021-01-07 16:00:00, 2479.6, 640.1, 25.6, 14.1, 65.9, 1.4, 473.4, 130.2, 4.9, 6.5, 1234.9, 38.3, 15.5, 100.9
2021-01-08 00:00:00, 2071.2, 470.3, 2.8, 5.6, 37.5, 0.3, 566.2, 78.5, 0.0, 4.7, 1152.1, 0.5, 0.3, 38.4
2021-01-08 08:00:00, 2489.0, 446.8, 17.7, 12.9, 19.5, 11.4, 428.2, 76.6, 1.1, 6.3, 1262.1, 244.1, 49.2, 104.0
2021-01-08 16:00:00, 2281.5, 716.3, 40.9, 16.6, 102.0, 1.5, 781.0, 78.4, 0.1, 5.7, 1095.0, 14.9, 18.6, 89.1
2021-01-09 00:00:00, 2104.0, 462.9, 8.4, 7.3, 61.3, 0.3, 469.6, 78.8, 3.6, 5.0, 1187.8, 0.5, 0.2, 78.3
2021-01-09 08:00:00, 2162.4, 437.2, 21.5, 11.8, 32.0, 0.2, 443.8, 76.0, 3.2, 5.9, 1131.0, 19.1, 78.4, 71.1
2021-01-09 16:00:00, 2420.0, 601.4, 19.9, 13.2, 67.4, 1.6, 427.0, 195.4, 0.6, 5.5, 1240.7, 0.5, 38.7, 81.2
2021-01-10 00:00:00, 2128.1, 462.0, 5.6, 6.2, 28.9, 0.3, 578.9, 78.6, 0.1, 4.5, 1219.8, 0.2, 0.2, 57.7
2021-01-10 08:00:00, 2683.6, 599.3, 45.3, 16.1, 28.0, 0.2, 509.7, 151.0, 9.2, 6.3, 1410.8, 310.6, 40.0, 95.2
2021-01-10 16:00:00, 2375.7, 573.4, 34.2, 15.1, 61.3, 0.3, 502.0, 203.1, 0.1, 5.6, 1278.3, 1.1, 19.2, 82.2
2021-01-11 00:00:00, 2393.5, 347.8, 3.2, 6.9, 20.2, 0.3, 265.0, 107.6, 0.1, 3.8, 1502.6, 0.4, 0.2, 65.5
2021-01-11 08:00:00, 2680.3, 617.0, 46.0, 14.8, 67.2, 131.1, 476.8, 76.9, 0.2, 6.0, 1485.2, 26.0, 51.5, 84.2
2021-01-11 16:00:00, 2537.2, 504.8, 25.5, 14.9, 59.1, 163.7, 363.7, 115.9, 0.7, 4.8, 1385.7, 0.4, 20.1, 140.9
2021-01-12 00:00:00, 2110.8, 320.4, 26.8, 5.9, 15.3, 0.3, 248.7, 78.8, 0.0, 8.9, 1188.6, 0.5, 0.2, 38.2
2021-01-12 08:00:00, 2604.7, 571.4, 28.4, 12.7, 33.0, 282.7, 537.3, 77.0, 0.2, 6.1, 1379.1, 1.1, 12.7, 100.6
2021-01-12 16:00:00, 2352.3, 485.6, 38.2, 19.9, 90.7, 192.1, 241.5, 139.2, 5.4, 5.2, 1292.9, 0.6, 3.7, 130.5
2021-01-13 00:00:00, 1394.0, 371.9, 3.2, 6.2, 17.0, 0.3, 392.1, 85.0, 0.1, 3.9, 1303.9, 0.5, 0.2, 61.5
2021-01-13 08:00:00, 1585.0, 407.1, 21.3, 10.7, 16.4, 1.9, 380.9, 77.9, 10.6, 5.7, 1458.1, 0.9, 24.0, 55.4
2021-01-13 16:00:00, 1573.4, 510.3, 32.8, 12.1, 90.5, 1.8, 333.6, 80.7, 1.7, 6.0, 1330.9, 0.2, 7.1, 92.8
2021-01-14 00:00:00, 1546.9, 357.3, 0.0, 5.1, 39.1, 0.3, 369.6, 81.3, 0.1, 4.4, 1453.0, 0.1, 0.1, 39.0
2021-01-14 08:00:00, 1598.0, 362.1, 20.7, 11.3, 29.0, 11.5, 294.1, 79.0, 2.7, 5.3, 1429.1, 0.8, 38.2, 96.2
2021-01-14 16:00:00, 2009.7, 473.3, 26.4, 13.4, 93.2, 0.9, 287.9, 81.1, 3.7, 4.3, 1415.4, 284.5, 0.6, 93.0
2021-01-15 00:00:00, 1561.3, 310.4, 11.1, 5.9, 58.9, 0.3, 254.0, 81.2, 0.1, 5.2, 1458.4, 3.3, 0.2, 21.4
2021-01-15 08:00:00, 1639.5, 541.6, 35.2, 13.0, 27.1, 0.3, 417.5, 79.2, 5.6, 6.0, 1442.0, 10.7, 63.8, 107.2
2021-01-15 16:00:00, 1813.0, 529.6, 20.7, 11.9, 89.8, 1.1, 291.6, 168.1, 0.1, 6.1, 1417.4, 0.6, 42.0, 96.1
2021-01-16 00:00:00, 1590.8, 354.3, 11.5, 6.4, 35.7, 0.3, 319.3, 81.6, 0.1, 5.8, 1472.3, 0.5, 0.2, 63.0
2021-01-16 08:00:00, 1854.3, 483.0, 23.9, 15.0, 31.0, 0.2, 254.8, 79.0, 8.3, 7.4, 1423.2, 35.2, 62.7, 89.6
2021-01-16 16:00:00, 2093.5, 487.7, 36.4, 15.7, 99.8, 0.3, 228.2, 81.5, 0.1, 8.9, 1431.6, 231.9, 39.5, 90.2
2021-01-17 00:00:00, 1632.7, 388.5, 32.6, 5.6, 59.0, 0.3, 358.0, 81.6, 0.1, 11.9, 1465.6, 3.0, 0.2, 55.7
2021-01-17 08:00:00, 1677.1, 601.4, 47.2, 16.1, 72.5, 0.2, 325.5, 238.7, 1.5, 8.4, 1428.3, 35.5, 36.1, 126.7
2021-01-17 16:00:00, 2051.8, 778.6, 49.4, 17.5, 101.4, 12.3, 395.8, 225.2, 8.3, 9.2, 1429.3, 3.6, 53.0, 91.0
2021-01-18 00:00:00, 1566.0, 370.5, 3.0, 6.0, 16.9, 0.3, 407.0, 81.4, 0.0, 5.8, 1471.0, 0.5, 0.2, 44.9
2021-01-18 08:00:00, 1614.7, 456.5, 26.7, 13.9, 18.2, 1.3, 439.8, 79.3, 4.0, 7.5, 1448.1, 25.4, 19.8, 133.4
2021-01-18 16:00:00, 2062.2, 486.9, 20.4, 16.9, 60.0, 0.3, 339.3, 184.5, 0.1, 6.3, 1420.8, 298.9, 31.8, 86.2
2021-01-19 00:00:00, 1592.1, 462.3, 6.0, 6.0, 39.4, 0.2, 556.5, 81.5, 0.1, 6.6, 1476.8, 0.5, 0.2, 52.9
2021-01-19 08:00:00, 1661.8, 481.1, 35.1, 13.4, 41.0, 1.7, 498.3, 79.0, 3.2, 7.2, 1436.3, 1.4, 71.2, 123.9
2021-01-19 16:00:00, 1958.7, 727.9, 46.5, 15.7, 106.3, 0.3, 574.3, 201.6, 6.2, 8.0, 1442.7, 0.6, 41.4, 105.6
2021-01-20 00:00:00, 1561.0, 334.3, 6.3, 6.7, 39.3, 0.3, 299.8, 81.4, 0.1, 5.6, 1455.0, 0.5, 0.1, 40.1
2021-01-20 08:00:00, 1725.4, 686.2, 53.1, 15.9, 58.5, 1.2, 541.7, 143.5, 2.0, 7.7, 1454.3, 16.0, 11.3, 113.7
2021-01-20 16:00:00, 1661.7, 585.8, 20.9, 14.9, 62.3, 0.2, 579.6, 174.7, 0.1, 6.1, 1434.3, 0.8, 32.3, 115.2
2021-01-21 00:00:00, 1855.5, 497.2, 33.4, 7.5, 16.9, 0.2, 608.6, 81.5, 0.1, 10.7, 1473.4, 260.7, 0.5, 48.0
2021-01-21 08:00:00, 1644.5, 534.8, 41.3, 17.6, 78.9, 0.3, 597.2, 79.1, 5.5, 6.5, 1447.8, 16.2, 42.2, 64.5
2021-01-21 16:00:00, 1724.3, 472.3, 36.7, 15.9, 93.3, 3.1, 400.3, 81.4, 2.6, 6.7, 1433.0, 2.7, 74.4, 134.8
2021-01-22 00:00:00, 1572.7, 347.4, 3.3, 5.7, 18.2, 0.3, 306.9, 81.5, 0.0, 4.8, 1473.1, 0.5, 0.2, 47.5
2021-01-22 08:00:00, 1620.5, 587.9, 31.8, 13.1, 28.7, 8.9, 631.4, 79.0, 0.2, 7.0, 1432.9, 9.3, 44.5, 114.1
2021-01-22 16:00:00, 1863.6, 563.8, 28.8, 14.4, 77.2, 4.2, 397.8, 140.1, 1.9, 5.6, 1431.9, 0.6, 8.2, 68.0
2021-01-23 00:00:00, 1856.4, 471.6, 3.3, 7.4, 39.6, 0.2, 534.2, 81.6, 0.0, 3.5, 1487.3, 277.3, 0.5, 79.2
2021-01-23 08:00:00, 1626.7, 556.8, 54.8, 18.1, 50.9, 0.3, 513.1, 100.0, 2.4, 5.3, 1449.4, 3.9, 22.1, 79.2
2021-01-23 16:00:00, 1854.9, 844.4, 32.8, 16.8, 66.4, 0.2, 757.8, 264.3, 0.3, 5.5, 1431.5, 9.7, 43.9, 106.3
2021-01-24 00:00:00, 1580.6, 573.7, 3.1, 6.1, 20.0, 0.2, 787.3, 104.6, 0.1, 3.5, 1481.8, 0.5, 0.2, 44.6
2021-01-24 08:00:00, 1831.8, 800.4, 69.0, 18.4, 51.8, 2.0, 515.5, 245.5, 18.5, 6.9, 1446.1, 1.5, 49.7, 150.3
2021-01-24 16:00:00, 1773.9, 633.8, 26.8, 15.4, 72.8, 1.1, 481.6, 192.3, 9.4, 5.0, 1435.9, 0.6, 0.4, 48.0
2021-01-25 00:00:00, 1610.2, 537.1, 35.4, 7.8, 38.9, 0.2, 637.1, 81.4, 0.0, 8.8, 1470.4, 0.5, 0.2, 48.9
2021-01-25 08:00:00, 745.1, 504.6, 45.5, 19.0, 51.9, 0.2, 397.2, 101.7, 11.5, 5.4, 192.7, 259.7, 12.0, 145.9
2021-01-25 16:00:00, 149.2, 315.3, 0.0, 7.8, 26.6, 0.2, 449.7, 78.2, 0.1, 2.4, 1.7, 3.6, 0.2, 53.8
2021-01-26 00:00:00, 148.4, 314.7, 0.0, 6.0, 15.5, 0.3, 488.1, 78.2, 0.1, 2.6, 1.6, 3.5, 0.3, 32.3
2021-01-26 08:00:00, 148.4, 287.4, 0.0, 9.1, 14.4, 0.2, 411.4, 75.4, 0.1, 2.2, 1.9, 4.6, 0.5, 56.1
2021-01-26 16:00:00, 146.9, 368.6, 0.0, 7.3, 26.6, 0.3, 557.2, 78.1, 0.1, 2.6, 1.5, 3.5, 0.3, 56.2
2021-01-27 00:00:00, 148.0, 352.7, 0.0, 5.9, 15.7, 0.3, 542.3, 78.3, 0.2, 2.4, 1.6, 3.5, 0.2, 54.9
2021-01-27 08:00:00, 147.7, 265.7, 0.0, 8.8, 12.1, 0.2, 398.7, 75.4, 0.2, 2.0, 1.9, 4.8, 0.5, 27.5
2021-01-27 16:00:00, 146.8, 337.3, 0.0, 7.3, 26.7, 0.3, 465.7, 78.1, 0.2, 2.3, 1.6, 3.6, 0.2, 82.4
2021-01-28 00:00:00, 147.8, 367.0, 0.0, 6.0, 15.7, 0.3, 576.2, 78.2, 0.2, 2.1, 1.6, 3.5, 0.2, 51.3
2021-01-28 08:00:00, 167.0, 459.5, 14.6, 9.5, 15.3, 1.4, 688.4, 75.3, 3.6, 2.9, 3.3, 4.8, 0.5, 67.2
2021-01-28 16:00:00, 1709.5, 701.0, 42.1, 14.2, 82.5, 4.9, 873.1, 89.9, 0.1, 5.0, 1448.9, 9.0, 47.2, 85.4
2021-01-29 00:00:00, 1571.1, 683.7, 3.4, 5.8, 57.8, 0.2, 974.4, 81.2, 0.2, 3.0, 1476.9, 0.6, 0.2, 61.1
2021-01-29 08:00:00, 1719.2, 586.4, 55.3, 16.9, 26.6, 0.9, 458.2, 79.4, 7.4, 5.3, 1464.4, 28.0, 49.7, 116.1
2021-01-29 16:00:00, 1904.6, 740.9, 25.1, 15.3, 69.7, 1.5, 707.1, 81.3, 0.1, 4.0, 1431.7, 0.8, 50.4, 90.3
2021-01-30 00:00:00, 1582.6, 580.1, 3.1, 5.3, 17.1, 0.2, 828.2, 81.5, 0.1, 3.3, 1485.7, 0.6, 0.2, 48.7
2021-01-30 08:00:00, 1740.2, 723.5, 58.5, 18.1, 33.4, 1.1, 662.1, 79.5, 3.9, 4.8, 1471.4, 40.3, 25.0, 118.0
2021-01-30 16:00:00, 2000.1, 752.4, 40.5, 15.7, 67.4, 2.5, 586.1, 110.3, 0.1, 4.7, 1434.7, 11.7, 29.7, 88.9
2021-01-31 00:00:00, 1847.5, 586.4, 36.0, 8.0, 22.3, 0.2, 762.7, 124.0, 0.0, 8.4, 1478.7, 239.6, 0.5, 29.5
2021-01-31 08:00:00, 1888.2, 766.9, 49.0, 15.0, 26.5, 208.7, 721.1, 164.7, 0.8, 5.6, 1454.3, 39.6, 38.4, 102.8
2021-01-31 16:00:00, 1895.7, 625.8, 31.3, 14.9, 78.6, 178.3, 576.2, 184.0, 0.1, 4.1, 1433.4, 7.9, 74.9, 97.5
2021-02-01 00:00:00, 1567.7, 507.2, 0.0, 5.5, 39.1, 0.2, 662.2, 81.3, 0.1, 2.3, 1477.6, 0.6, 0.2, 47.6
2021-02-01 08:00:00, 1741.5, 709.9, 50.5, 16.7, 34.5, 2.0, 788.1, 79.3, 5.2, 4.8, 1462.7, 18.7, 39.6, 89.9
2021-02-01 16:00:00, 2082.5, 779.9, 31.1, 16.7, 91.1, 0.2, 631.9, 193.7, 0.1, 4.4, 1439.2, 145.2, 35.4, 84.5
2021-02-02 00:00:00, 1710.7, 384.8, 3.0, 5.5, 59.4, 0.2, 387.3, 81.1, 0.1, 1.9, 1473.1, 153.5, 0.3, 33.5
2021-02-02 08:00:00, 1758.2, 733.7, 37.5, 15.8, 47.8, 4.2, 733.2, 78.9, 0.4, 5.5, 1446.4, 10.3, 49.8, 142.8
2021-02-02 16:00:00, 1957.1, 775.8, 49.2, 16.6, 86.4, 1.3, 488.1, 244.8, 0.2, 6.4, 1345.4, 8.1, 72.5, 143.7
2021-02-03 00:00:00, 1374.1, 381.4, 3.5, 5.7, 16.8, 0.4, 402.0, 82.0, 0.1, 2.1, 1276.9, 0.5, 0.3, 76.6
2021-02-03 08:00:00, 1719.8, 596.3, 30.1, 14.7, 20.6, 17.1, 591.2, 79.0, 2.8, 3.9, 1463.9, 26.7, 42.7, 118.4
2021-02-03 16:00:00, 2141.5, 612.1, 42.9, 17.1, 77.8, 1.5, 503.5, 171.5, 0.1, 4.8, 1442.5, 257.0, 81.5, 83.9
2021-02-04 00:00:00, 1616.1, 343.0, 27.6, 5.4, 19.1, 0.3, 274.9, 113.1, 0.1, 7.3, 1483.9, 3.2, 0.2, 48.7
2021-02-04 08:00:00, 1626.9, 386.9, 38.7, 14.1, 29.0, 3.7, 237.7, 83.5, 0.1, 4.2, 1477.7, 10.0, 2.9, 107.6
2021-02-04 16:00:00, 1784.2, 544.2, 30.4, 15.7, 58.6, 0.3, 340.9, 229.6, 0.2, 4.1, 1457.5, 0.7, 61.6, 93.2
2021-02-05 00:00:00, 1556.4, 371.0, 3.1, 5.4, 16.3, 0.2, 406.5, 81.1, 0.1, 2.5, 1464.2, 0.6, 0.2, 43.6
2021-02-05 08:00:00, 1651.9, 447.8, 32.4, 14.5, 23.2, 8.4, 440.5, 79.1, 10.8, 4.8, 1451.4, 22.1, 48.2, 106.5
2021-02-05 16:00:00, 2182.9, 628.0, 35.4, 16.6, 77.0, 0.2, 419.6, 252.0, 0.2, 4.7, 1453.2, 320.0, 77.9, 114.8
2021-02-06 00:00:00, 1606.0, 447.7, 6.0, 6.3, 18.9, 0.8, 471.4, 106.1, 0.0, 2.6, 1483.7, 26.6, 0.3, 53.7
2021-02-06 08:00:00, 1648.1, 532.9, 41.3, 13.6, 25.1, 1.1, 645.4, 79.5, 1.9, 5.2, 1459.8, 1.8, 6.5, 81.1
2021-02-06 16:00:00, 1743.4, 587.9, 31.6, 12.7, 60.7, 49.5, 462.1, 280.1, 1.5, 4.2, 1438.8, 0.6, 60.6, 83.6
2021-02-07 00:00:00, 1575.5, 356.5, 2.7, 5.0, 15.3, 0.3, 389.3, 81.2, 0.3, 2.5, 1484.8, 0.6, 0.2, 28.1
2021-02-07 08:00:00, 1661.6, 796.2, 46.0, 14.8, 38.7, 3.7, 625.4, 264.6, 7.2, 5.5, 1468.7, 9.6, 44.3, 136.5
2021-02-07 16:00:00, 1917.6, 615.5, 45.8, 17.4, 72.3, 9.5, 389.8, 143.0, 1.3, 4.1, 1440.7, 0.6, 25.0, 91.1
2021-02-08 00:00:00, 1863.2, 491.7, 33.1, 7.5, 37.3, 0.2, 566.9, 81.4, 0.0, 7.5, 1489.7, 254.2, 0.6, 31.8
2021-02-08 08:00:00, 1654.2, 450.7, 38.8, 15.1, 30.6, 3.2, 433.1, 79.3, 7.8, 4.5, 1464.5, 11.5, 45.1, 116.4
2021-02-08 16:00:00, 1842.1, 639.6, 38.9, 18.0, 76.1, 5.6, 540.9, 233.9, 0.1, 4.6, 1446.4, 0.4, 89.8, 81.9
2021-02-09 00:00:00, 1575.3, 370.2, 3.0, 5.6, 37.5, 0.3, 391.6, 81.2, 0.1, 2.0, 1483.9, 0.6, 0.2, 32.5
2021-02-09 08:00:00, 1670.5, 501.8, 23.3, 13.1, 24.4, 2.5, 570.2, 79.1, 0.2, 3.8, 1453.8, 32.5, 55.3, 93.4
2021-02-09 16:00:00, 1800.2, 631.0, 30.3, 17.7, 58.7, 1.8, 463.1, 249.3, 0.1, 4.1, 1446.0, 0.6, 25.7, 123.2
2021-02-10 00:00:00, 1587.3, 505.6, 6.9, 6.0, 20.2, 1.1, 607.9, 89.2, 0.2, 2.3, 1488.6, 0.6, 0.2, 46.4
2021-02-10 08:00:00, 1681.3, 513.4, 37.1, 14.3, 54.6, 1.1, 463.2, 206.3, 1.1, 4.4, 1490.0, 24.1, 24.4, 83.6
2021-02-10 16:00:00, 2024.0, 553.4, 32.8, 14.6, 59.6, 2.7, 448.7, 257.7, 0.1, 3.3, 1449.4, 329.9, 33.7, 53.4
2021-02-11 00:00:00, 1585.1, 476.4, 6.6, 7.2, 23.4, 0.2, 532.8, 114.5, 0.1, 2.1, 1485.8, 3.2, 0.2, 58.4
2021-02-11 08:00:00, 1634.2, 409.2, 27.7, 13.9, 27.1, 7.8, 395.4, 79.7, 0.1, 3.4, 1479.3, 3.0, 16.4, 98.6
2021-02-11 16:00:00, 1831.4, 633.7, 29.9, 17.0, 72.1, 41.9, 604.2, 81.5, 5.8, 4.0, 1452.0, 0.8, 9.2, 112.2
2021-02-12 00:00:00, 1580.3, 499.2, 5.8, 6.2, 57.3, 0.2, 583.9, 81.2, 0.0, 2.3, 1483.4, 0.6, 0.2, 35.7
2021-02-12 08:00:00, 1651.2, 635.1, 29.8, 15.1, 21.6, 3.2, 635.5, 79.5, 7.6, 4.0, 1464.5, 1.4, 24.8, 77.5
2021-02-12 16:00:00, 1872.7, 763.4, 49.0, 18.1, 81.3, 1.3, 723.2, 154.8, 0.1, 4.3, 1438.8, 19.6, 19.4, 107.6
2021-02-13 00:00:00, 1879.6, 541.6, 32.8, 7.7, 21.3, 0.2, 630.8, 117.6, 0.0, 7.5, 1497.1, 260.6, 0.6, 34.3
2021-02-13 08:00:00, 1715.2, 650.2, 48.7, 20.1, 32.7, 4.1, 741.7, 79.4, 0.2, 3.2, 1460.7, 18.1, 34.2, 97.0
2021-02-13 16:00:00, 1854.1, 656.3, 23.3, 12.6, 81.2, 0.2, 692.8, 81.3, 0.2, 4.2, 1447.9, 0.7, 58.4, 60.5
2021-02-14 00:00:00, 1605.6, 506.2, 19.0, 8.0, 29.4, 0.2, 617.1, 89.4, 0.1, 2.2, 1490.4, 0.5, 0.2, 63.9
2021-02-14 08:00:00, 1686.9, 493.0, 35.4, 15.3, 12.6, 2.4, 437.2, 79.7, 0.8, 4.6, 1475.7, 9.8, 66.0, 90.5
2021-02-14 16:00:00, 2057.1, 790.0, 38.0, 19.6, 76.2, 0.8, 531.1, 242.5, 0.1, 4.3, 1446.1, 49.5, 18.3, 104.3
2021-02-15 00:00:00, 1813.2, 337.7, 3.1, 8.3, 40.2, 0.2, 305.9, 81.0, 0.1, 2.0, 1480.4, 249.1, 0.5, 35.9
2021-02-15 08:00:00, 1754.6, 594.4, 45.6, 16.0, 38.0, 49.0, 495.9, 178.8, 4.6, 4.3, 1458.3, 11.0, 33.2, 83.5
2021-02-15 16:00:00, 1915.8, 611.9, 41.9, 18.0, 90.0, 9.3, 394.8, 152.2, 0.2, 4.2, 1446.9, 0.7, 32.9, 133.3
2021-02-16 00:00:00, 1584.6, 365.5, 3.1, 6.4, 37.7, 0.3, 371.6, 81.5, 0.0, 2.0, 1492.5, 0.6, 0.1, 43.7
2021-02-16 08:00:00, 1668.7, 645.6, 29.9, 15.1, 80.7, 24.2, 755.7, 78.8, 0.3, 4.1, 1439.8, 9.4, 16.4, 89.8
2021-02-16 16:00:00, 1968.6, 743.4, 44.5, 18.3, 80.7, 34.0, 616.0, 186.1, 0.2, 4.7, 1443.8, 84.7, 18.0, 115.7
2021-02-17 00:00:00, 1775.7, 462.9, 31.7, 7.2, 37.2, 0.3, 388.7, 220.7, 0.1, 7.7, 1477.2, 152.7, 6.3, 51.2
2021-02-17 08:00:00, 1775.5, 581.6, 44.0, 14.8, 20.9, 47.2, 520.6, 163.8, 8.7, 5.7, 1480.0, 2.7, 38.9, 106.5
2021-02-17 16:00:00, 1805.4, 593.2, 39.5, 18.4, 80.9, 1.0, 548.8, 200.8, 1.1, 3.0, 1448.5, 0.6, 48.2, 83.2
2021-02-18 00:00:00, 1584.8, 513.0, 6.0, 5.3, 15.1, 0.2, 682.7, 81.1, 0.1, 2.5, 1482.6, 0.6, 0.2, 56.1
2021-02-18 08:00:00, 1750.1, 357.5, 25.1, 16.6, 20.3, 2.9, 299.9, 79.5, 0.7, 3.2, 1468.3, 7.5, 76.8, 75.2
2021-02-18 16:00:00, 2101.9, 867.7, 43.2, 19.6, 72.0, 16.2, 622.0, 242.0, 0.2, 4.1, 1444.8, 25.5, 108.9, 104.4
2021-02-19 00:00:00, 1821.8, 318.6, 2.8, 6.8, 15.1, 0.2, 294.1, 81.4, 0.0, 2.0, 1486.1, 251.8, 0.5, 34.2
2021-02-19 08:00:00, 1671.0, 543.5, 39.9, 14.3, 19.4, 3.5, 633.8, 79.0, 5.6, 5.6, 1459.2, 26.7, 8.0, 62.4
2021-02-19 16:00:00, 2016.1, 690.2, 27.0, 16.2, 91.1, 28.8, 485.9, 178.3, 0.3, 3.0, 1450.0, 8.8, 19.2, 124.6
2021-02-20 00:00:00, 1593.6, 475.9, 2.8, 6.1, 57.8, 0.2, 588.7, 81.2, 0.1, 2.0, 1493.3, 0.5, 0.2, 32.2
2021-02-20 08:00:00, 1732.0, 426.6, 48.9, 17.6, 34.6, 4.7, 349.0, 79.5, 8.8, 4.6, 1477.2, 35.3, 34.4, 96.7
2021-02-20 16:00:00, 1684.0, 540.1, 24.5, 13.6, 63.1, 2.5, 552.8, 194.5, 0.1, 3.9, 1454.5, 0.7, 32.3, 75.0
2021-02-21 00:00:00, 1629.8, 453.4, 31.8, 6.6, 37.1, 0.2, 500.1, 81.1, 0.1, 7.6, 1491.7, 0.6, 0.2, 27.5
2021-02-21 08:00:00, 1714.3, 702.5, 49.6, 16.2, 26.9, 12.8, 385.7, 241.0, 0.2, 4.9, 1485.7, 9.7, 42.5, 107.5
2021-02-21 16:00:00, 1918.0, 544.1, 37.5, 19.4, 83.0, 0.8, 312.8, 216.7, 0.1, 2.9, 1475.1, 141.7, 49.0, 67.6
2021-02-22 00:00:00, 1702.6, 421.8, 2.9, 7.6, 37.3, 0.2, 452.8, 80.9, 0.1, 2.0, 1444.7, 167.6, 0.4, 64.4
2021-02-22 08:00:00, 1709.4, 492.9, 44.5, 15.7, 38.8, 3.0, 442.5, 79.0, 6.2, 4.8, 1455.5, 2.9, 29.4, 65.8
2021-02-22 16:00:00, 2457.1, 621.2, 32.3, 19.8, 68.2, 1.9, 310.7, 188.9, 0.2, 4.4, 1448.1, 0.6, 29.1, 111.6
2021-02-23 00:00:00, 2385.3, 394.9, 5.8, 5.9, 37.5, 0.3, 393.5, 80.4, 0.1, 1.8, 1492.9, 0.5, 0.2, 33.3
2021-02-23 08:00:00, 2401.3, 402.8, 35.9, 14.0, 34.6, 2.5, 327.0, 77.9, 0.1, 4.0, 1455.6, 7.6, 32.2, 86.9
2021-02-23 16:00:00, 2748.6, 653.7, 47.7, 19.7, 73.4, 28.9, 340.1, 184.5, 1.2, 4.7, 1451.6, 99.6, 0.4, 114.4
2021-02-24 00:00:00, 2518.1, 322.8, 3.0, 6.7, 16.0, 0.4, 204.8, 93.8, 0.0, 1.9, 1490.9, 173.9, 0.4, 73.9
2021-02-24 08:00:00, 2655.4, 623.5, 52.6, 21.3, 42.6, 2.2, 420.4, 78.3, 7.1, 5.0, 1473.9, 29.2, 63.2, 105.8
2021-02-24 16:00:00, 2689.0, 612.0, 52.7, 19.5, 93.3, 1.4, 247.3, 269.1, 0.4, 5.8, 1465.3, 1.0, 16.4, 121.3
2021-02-25 00:00:00, 2386.5, 377.2, 28.5, 6.5, 40.2, 0.7, 269.2, 80.1, 0.0, 7.6, 1486.6, 0.5, 8.1, 86.5
2021-02-25 08:00:00, 2507.1, 521.6, 38.6, 14.5, 34.9, 35.9, 451.4, 78.5, 0.5, 4.8, 1492.9, 1.2, 59.8, 81.0
2021-02-25 16:00:00, 2720.7, 568.7, 36.8, 17.3, 89.2, 12.4, 487.4, 80.4, 3.7, 3.6, 1478.2, 118.2, 70.0, 94.0
2021-02-26 00:00:00, 2407.8, 353.5, 8.6, 7.9, 34.9, 0.3, 253.3, 80.0, 0.0, 3.4, 1393.7, 159.2, 0.4, 44.2
2021-02-26 08:00:00, 1026.2, 339.4, 46.7, 15.5, 33.6, 23.0, 160.3, 76.0, 1.4, 4.1, 8.7, 2.2, 22.0, 110.9
2021-02-26 16:00:00, 1096.7, 544.8, 12.8, 11.3, 42.5, 0.3, 647.4, 77.9, 0.1, 3.1, 3.8, 0.5, 0.3, 59.3
2021-02-27 00:00:00, 961.5, 513.4, 3.0, 6.6, 13.9, 0.3, 716.4, 77.3, 0.2, 3.0, 2.0, 7.3, 0.3, 71.1
2021-02-27 08:00:00, 980.6, 344.6, 22.9, 11.9, 20.5, 0.2, 380.8, 74.2, 0.7, 3.8, 2.3, 9.7, 19.0, 73.5
2021-02-27 16:00:00, 1137.1, 532.3, 27.6, 12.6, 59.2, 2.4, 433.0, 76.8, 3.8, 5.0, 3.1, 0.9, 41.2, 64.9
2021-02-28 00:00:00, 968.7, 377.5, 2.9, 6.4, 13.5, 0.2, 460.8, 76.7, 0.0, 4.8, 2.1, 0.9, 11.0, 79.8
2021-02-28 08:00:00, 1035.7, 397.5, 21.4, 14.4, 16.6, 0.2, 246.6, 220.2, 1.7, 6.0, 2.3, 17.8, 0.6, 91.0
2021-02-28 16:00:00, 1078.4, 402.2, 26.8, 11.4, 62.7, 0.3, 327.7, 175.0, 0.1, 7.4, 2.9, 0.9, 0.3, 76.2
2021-03-01 00:00:00, 987.0, 331.5, 3.5, 6.7, 14.1, 0.2, 358.7, 76.9, 0.1, 14.9, 2.3, 0.8, 11.0, 64.7
2021-03-01 08:00:00, 1009.6, 315.2, 8.8, 9.5, 10.6, 0.2, 349.6, 74.6, 0.2, 32.3, 2.3, 8.9, 0.5, 107.1
2021-03-01 16:00:00, 1321.9, 622.5, 20.4, 13.2, 80.9, 1.9, 658.8, 76.9, 1.3, 30.2, 3.9, 17.0, 13.3, 92.0
2021-03-02 00:00:00, 993.1, 685.8, 6.0, 6.4, 22.3, 0.4, 1143.2, 76.9, 0.0, 22.4, 2.0, 7.8, 0.2, 29.9
2021-03-02 08:00:00, 1020.9, 665.4, 16.5, 10.9, 11.1, 1.1, 973.7, 74.9, 3.0, 19.3, 2.5, 2.5, 12.0, 78.4
2021-03-02 16:00:00, 1186.7, 533.6, 12.6, 13.6, 58.6, 0.3, 682.8, 76.6, 1.3, 18.0, 3.8, 162.1, 0.5, 108.7
2021-03-03 00:00:00, 1149.6, 491.8, 33.9, 7.4, 14.4, 0.3, 615.6, 88.5, 0.1, 19.6, 2.0, 144.3, 0.4, 71.8
2021-03-03 08:00:00, 1077.2, 520.5, 44.2, 17.3, 39.4, 0.5, 444.7, 164.1, 0.8, 12.3, 5.4, 32.6, 0.8, 89.7
2021-03-03 16:00:00, 1284.6, 528.2, 29.1, 12.6, 74.8, 0.2, 438.8, 123.1, 0.1, 12.3, 3.8, 0.7, 0.3, 84.2
2021-03-04 00:00:00, 992.5, 462.9, 6.3, 7.3, 13.9, 0.3, 601.1, 76.9, 0.3, 8.8, 2.1, 0.9, 0.4, 97.3
2021-03-04 08:00:00, 987.1, 366.8, 6.0, 10.4, 20.9, 1.3, 493.0, 75.6, 0.1, 7.8, 2.2, 1.1, 0.3, 71.3
2021-03-04 16:00:00, 1136.6, 549.9, 23.5, 13.0, 43.4, 0.3, 697.6, 77.2, 0.1, 9.0, 3.3, 0.6, 14.7, 93.2
2021-03-05 00:00:00, 984.8, 522.2, 2.9, 6.1, 13.6, 0.3, 787.2, 77.0, 0.1, 7.2, 2.0, 0.6, 11.0, 63.4
2021-03-05 08:00:00, 1101.7, 490.5, 23.1, 12.5, 23.6, 2.1, 577.2, 75.4, 6.5, 7.0, 2.1, 14.8, 13.5, 108.6
2021-03-05 16:00:00, 1043.1, 504.7, 15.6, 11.3, 47.3, 0.3, 732.7, 76.8, 0.1, 6.4, 3.1, 9.1, 0.3, 62.7
2021-03-06 00:00:00, 976.9, 494.4, 3.0, 6.9, 13.5, 0.3, 727.8, 76.6, 0.1, 5.4, 2.0, 8.7, 0.3, 67.0
2021-03-06 08:00:00, 1045.7, 406.5, 17.7, 10.2, 10.7, 0.2, 573.3, 74.4, 0.6, 6.9, 2.3, 33.3, 38.5, 68.9
2021-03-06 16:00:00, 1135.4, 535.6, 9.4, 11.5, 56.5, 1.5, 670.2, 76.6, 1.4, 5.1, 2.0, 9.4, 0.3, 84.1
2021-03-07 00:00:00, 955.6, 508.1, 2.8, 6.2, 13.3, 0.3, 746.2, 76.2, 0.1, 4.3, 2.0, 0.9, 0.3, 78.6
2021-03-07 08:00:00, 1380.6, 596.5, 44.4, 15.6, 14.1, 2.0, 424.9, 231.8, 4.0, 6.6, 2.5, 297.7, 16.8, 87.5
2021-03-07 16:00:00, 1260.5, 696.3, 33.7, 13.7, 76.3, 0.3, 572.2, 202.2, 1.9, 6.4, 3.8, 2.0, 11.1, 91.6
2021-03-08 00:00:00, 944.8, 534.5, 6.3, 6.7, 13.2, 0.3, 784.1, 76.3, 0.1, 3.9, 2.0, 1.0, 0.3, 95.2
2021-03-08 08:00:00, 1221.9, 366.7, 8.4, 12.0, 10.9, 1.3, 476.1, 74.5, 0.1, 4.0, 2.4, 268.2, 14.1, 67.9
2021-03-08 16:00:00, 1120.3, 497.1, 29.3, 11.7, 66.3, 0.8, 531.3, 145.1, 0.2, 6.4, 2.3, 3.7, 23.3, 56.5
2021-03-09 00:00:00, 1025.4, 449.0, 36.8, 8.7, 13.2, 28.3, 600.1, 76.4, 0.2, 9.0, 2.0, 3.5, 0.3, 58.2
2021-03-09 08:00:00, 1009.8, 382.3, 28.6, 11.6, 11.5, 0.2, 228.3, 73.7, 2.4, 4.0, 2.5, 18.4, 11.6, 105.8
2021-03-09 16:00:00, 1128.4, 506.0, 11.5, 10.2, 62.5, 0.3, 396.4, 75.8, 1.2, 5.2, 3.1, 1.0, 11.2, 66.6
2021-03-10 00:00:00, 976.7, 402.0, 8.6, 7.7, 13.9, 0.2, 527.9, 76.4, 0.0, 5.2, 2.0, 1.0, 11.0, 52.9
2021-03-10 08:00:00, 1029.8, 271.6, 26.0, 13.1, 22.1, 0.2, 33.8, 172.0, 5.3, 5.8, 2.6, 32.1, 0.7, 84.7
2021-03-10 16:00:00, 1256.2, 222.9, 26.0, 12.4, 63.4, 29.7, 64.4, 130.7, 0.0, 17.6, 2.9, 130.7, 11.1, 61.1
2021-03-11 00:00:00, 1153.4, 302.6, 5.7, 7.7, 13.2, 0.2, 298.2, 76.6, 0.1, 29.4, 2.2, 165.7, 0.5, 88.7
2021-03-11 08:00:00, 1077.5, 245.8, 17.7, 10.0, 13.8, 2.9, 242.2, 73.8, 0.3, 57.7, 3.2, 11.4, 14.2, 67.8
2021-03-11 16:00:00, 1290.7, 435.1, 22.8, 11.5, 56.8, 1.8, 259.0, 76.4, 0.2, 109.0, 2.3, 1.9, 12.9, 109.4
2021-03-12 00:00:00, 1088.8, 318.3, 3.2, 7.1, 13.1, 0.2, 371.7, 76.8, 0.2, 96.5, 2.2, 0.9, 0.2, 57.0
2021-03-12 08:00:00, 1093.2, 337.5, 17.9, 10.2, 12.1, 0.5, 263.3, 74.1, 2.6, 88.0, 2.5, 10.1, 11.4, 89.7
2021-03-12 16:00:00, 1212.9, 494.0, 35.0, 13.2, 75.4, 0.2, 477.7, 75.9, 0.1, 83.7, 2.1, 1.0, 0.3, 76.1
2021-03-13 00:00:00, 1149.1, 516.8, 8.3, 8.9, 20.3, 0.3, 664.4, 104.3, 0.1, 67.3, 2.0, 113.0, 0.5, 54.2
2021-03-13 08:00:00, 1198.0, 387.2, 14.4, 9.2, 11.2, 0.2, 493.8, 94.5, 0.1, 62.0, 3.3, 158.4, 11.4, 54.3
2021-03-13 16:00:00, 1195.1, 475.1, 12.5, 9.6, 45.0, 0.2, 483.5, 124.4, 0.9, 58.6, 2.1, 3.7, 0.3, 80.9
2021-03-14 00:00:00, 1043.5, 455.6, 8.8, 7.9, 14.6, 0.2, 549.4, 80.4, 0.1, 50.2, 2.1, 3.6, 11.0, 82.3
2021-03-14 09:00:00, 1384.0, 516.3, 21.2, 12.1, 16.6, 301.1, 494.3, 241.1, 11.2, 44.9, 3.1, 11.2, 0.6, 69.1
2021-03-14 17:00:00, 1266.5, 609.3, 25.5, 13.6, 58.1, 116.7, 635.4, 187.6, 0.2, 40.7, 5.9, 1.0, 7.3, 99.7
2021-03-15 01:00:00, 1068.1, 558.3, 39.2, 8.0, 16.4, 0.3, 747.0, 76.3, 0.1, 40.2, 2.0, 9.1, 11.1, 108.0
2021-03-15 09:00:00, 1044.1, 511.9, 24.5, 9.7, 14.1, 2.0, 587.4, 73.8, 3.0, 30.6, 2.5, 2.7, 21.9, 72.4
2021-03-15 17:00:00, 1014.3, 490.9, 11.0, 8.9, 48.2, 0.2, 613.6, 133.9, 0.1, 28.3, 3.4, 1.1, 8.3, 58.4
2021-03-16 01:00:00, 1020.3, 469.4, 5.6, 7.4, 13.4, 19.4, 645.9, 76.2, 0.1, 25.0, 2.0, 1.0, 11.0, 64.6
2021-03-16 09:00:00, 1030.0, 368.2, 6.4, 10.4, 11.6, 0.3, 443.2, 73.8, 1.1, 21.5, 2.4, 9.4, 0.6, 69.0
2021-03-16 17:00:00, 1432.8, 394.9, 33.5, 13.5, 50.4, 1.2, 377.7, 76.2, 0.0, 22.8, 3.0, 326.1, 42.3, 99.3
2021-03-17 01:00:00, 992.0, 410.7, 9.4, 8.6, 25.0, 0.2, 412.2, 128.9, 0.0, 19.2, 2.6, 3.5, 0.5, 62.2
2021-03-17 09:00:00, 1024.8, 442.9, 22.5, 9.9, 14.3, 0.2, 177.1, 349.9, 4.3, 22.0, 2.5, 9.5, 11.6, 58.5
2021-03-17 17:00:00, 1053.4, 459.2, 15.9, 10.3, 46.8, 0.2, 268.2, 262.0, 0.1, 28.5, 3.1, 0.5, 0.5, 71.4
2021-03-18 01:00:00, 1021.8, 383.1, 5.8, 7.3, 13.4, 0.2, 363.4, 205.4, 0.1, 34.4, 3.1, 0.5, 11.0, 47.2
2021-03-18 09:00:00, 1085.4, 423.7, 14.8, 9.0, 11.0, 0.2, 461.1, 77.6, 0.3, 38.9, 2.3, 31.7, 0.7, 91.7
2021-03-18 17:00:00, 1245.3, 566.6, 24.4, 13.9, 55.3, 1.5, 544.2, 124.8, 0.1, 40.3, 3.2, 1.0, 11.1, 115.4
2021-03-19 01:00:00, 1023.9, 458.8, 2.9, 7.3, 16.2, 0.2, 663.3, 76.5, 0.2, 31.8, 2.1, 1.0, 11.2, 56.5
2021-03-19 09:00:00, 1039.6, 377.6, 14.9, 9.5, 11.7, 1.7, 485.6, 74.5, 0.1, 29.2, 2.6, 16.2, 0.6, 71.4
2021-03-19 17:00:00, 1027.4, 376.2, 21.7, 10.6, 51.5, 0.2, 371.9, 75.5, 0.2, 29.8, 2.1, 1.1, 0.5, 114.1
2021-03-20 01:00:00, 1021.5, 335.4, 9.3, 9.8, 16.6, 0.2, 369.9, 76.1, 0.1, 25.4, 2.1, 14.6, 11.2, 59.6
2021-03-20 09:00:00, 1264.8, 201.6, 8.5, 10.5, 12.3, 0.3, 144.3, 74.0, 1.0, 25.4, 2.5, 276.6, 0.8, 47.1
2021-03-20 17:00:00, 1068.8, 276.4, 23.0, 10.5, 37.1, 1.7, 235.9, 101.0, 2.4, 30.2, 3.3, 3.8, 13.1, 62.1
2021-03-21 01:00:00, 1017.3, 341.5, 6.1, 7.2, 13.3, 0.2, 391.2, 76.3, 0.1, 26.1, 2.2, 12.0, 11.1, 78.5
2021-03-21 09:00:00, 1025.6, 247.0, 16.4, 9.7, 14.9, 2.8, 54.4, 148.3, 2.4, 28.5, 4.1, 4.0, 5.8, 79.9
2021-03-21 17:00:00, 1268.4, 368.8, 17.8, 12.4, 58.2, 0.9, 157.3, 76.1, 4.7, 31.8, 2.2, 1.1, 0.4, 70.1
2021-03-22 01:00:00, 1032.0, 353.4, 33.4, 7.2, 13.0, 0.2, 378.7, 76.3, 0.1, 32.8, 2.3, 1.0, 0.4, 63.2
2021-03-22 09:00:00, 1015.5, 167.0, 3.4, 8.8, 11.5, 0.5, 77.1, 74.4, 0.3, 28.7, 2.5, 10.6, 0.6, 51.0
2021-03-22 17:00:00, 1144.7, 310.3, 43.6, 12.4, 54.8, 0.3, 161.7, 76.1, 2.5, 30.9, 58.9, 1.1, 17.1, 88.0
2021-03-23 01:00:00, 1123.4, 336.0, 8.8, 8.8, 16.2, 0.2, 348.7, 76.4, 0.9, 26.6, 2.2, 110.1, 16.3, 77.4
2021-03-23 09:00:00, 1189.2, 141.5, 11.5, 10.5, 11.3, 0.3, 18.6, 74.1, 0.1, 28.6, 2.4, 164.8, 21.8, 37.0
2021-03-23 17:00:00, 1049.2, 253.9, 14.4, 10.3, 51.0, 0.5, 118.6, 76.0, 4.7, 28.1, 2.6, 2.3, 14.5, 74.2
2021-03-24 01:00:00, 1012.1, 394.9, 12.3, 10.1, 18.0, 0.2, 298.1, 153.5, 0.6, 26.6, 2.2, 0.9, 0.4, 71.5
2021-03-24 09:00:00, 1086.5, 443.6, 18.8, 10.6, 24.6, 0.2, 355.9, 147.5, 0.2, 30.8, 3.6, 24.1, 0.7, 103.7
2021-03-24 17:00:00, 1194.5, 359.6, 17.8, 9.1, 52.7, 2.0, 200.1, 95.7, 0.2, 39.1, 2.2, 1.0, 8.3, 77.5
2021-03-25 01:00:00, 1074.3, 288.2, 12.4, 7.9, 20.0, 0.2, 242.9, 80.4, 0.1, 45.6, 2.4, 8.9, 11.3, 59.7
2021-03-25 09:00:00, 1050.0, 134.4, 3.4, 8.2, 13.4, 0.2, 18.6, 78.2, 0.1, 45.2, 2.4, 2.4, 0.6, 70.1
2021-03-25 17:00:00, 1219.6, 258.7, 19.2, 10.1, 47.2, 1.1, 18.4, 80.4, 2.3, 42.4, 2.9, 1.1, 11.1, 99.9
2021-03-26 01:00:00, 1055.7, 188.4, 12.9, 8.1, 23.3, 0.2, 61.9, 80.7, 0.1, 50.9, 2.3, 0.8, 10.4, 58.3
2021-03-26 09:00:00, 1395.0, 402.7, 12.3, 11.2, 47.1, 2.0, 200.2, 77.9, 0.2, 127.3, 2.3, 27.6, 8.7, 83.6
2021-03-26 17:00:00, 1536.7, 483.8, 21.7, 12.7, 65.8, 0.6, 448.9, 80.4, 0.5, 103.7, 2.1, 275.3, 0.7, 92.7
2021-03-27 01:00:00, 1083.6, 393.8, 0.0, 7.0, 33.2, 0.2, 466.9, 81.4, 0.1, 86.5, 2.3, 11.2, 0.4, 97.8
2021-03-27 09:00:00, 1074.6, 349.1, 14.7, 10.8, 26.0, 0.4, 379.4, 78.9, 0.6, 74.3, 2.3, 4.4, 0.7, 75.7
2021-03-27 17:00:00, 1132.0, 479.8, 24.5, 10.0, 50.8, 0.2, 315.0, 238.6, 4.7, 68.2, 3.3, 2.7, 0.5, 81.2
2021-03-28 01:00:00, 1074.4, 351.8, 6.4, 7.2, 15.3, 0.2, 406.4, 79.1, 0.0, 64.2, 2.2, 8.4, 0.4, 57.2
2021-03-28 09:00:00, 1264.1, 434.7, 37.2, 11.4, 71.5, 0.3, 109.2, 75.9, 4.2, 71.0, 4.8, 9.1, 26.1, 104.3
2021-03-28 17:00:00, 1152.2, 260.7, 14.7, 10.1, 51.7, 1.4, 188.4, 77.6, 0.1, 93.3, 3.1, 1.0, 5.7, 50.9
2021-03-29 01:00:00, 1084.6, 369.4, 33.2, 7.5, 14.8, 0.2, 419.9, 77.8, 0.1, 77.7, 2.8, 1.0, 10.5, 60.2
2021-03-29 09:00:00, 1075.6, 336.9, 14.3, 10.2, 13.8, 0.2, 333.1, 76.3, 0.2, 60.9, 2.6, 9.4, 13.0, 76.8
2021-03-29 17:00:00, 1200.1, 368.0, 13.3, 11.3, 59.4, 1.2, 318.9, 77.7, 0.1, 55.6, 2.2, 1.2, 11.0, 52.4
2021-03-30 01:00:00, 1039.6, 351.5, 11.4, 7.0, 15.1, 0.2, 360.4, 77.8, 0.2, 50.1, 2.1, 8.9, 0.3, 101.2
2021-03-30 09:00:00, 1048.4, 151.7, 2.7, 8.5, 13.0, 0.2, 83.3, 76.3, 1.5, 49.8, 2.5, 17.0, 5.7, 51.8
2021-03-30 17:00:00, 1355.3, 316.1, 37.1, 15.0, 69.8, 0.2, 53.3, 77.6, 0.1, 46.1, 10.5, 241.6, 17.6, 148.0
2021-03-31 01:00:00, 1023.5, 293.4, 5.8, 6.2, 14.7, 0.2, 166.2, 77.8, 0.1, 43.0, 2.3, 3.6, 0.4, 214.7
2021-03-31 09:00:00, 1167.0, 317.5, 12.8, 11.7, 63.1, 3.9, 216.3, 75.7, 1.4, 44.0, 4.9, 12.8, 13.3, 39.8
2021-03-31 17:00:00, 1379.3, 662.5, 24.9, 13.0, 65.4, 0.7, 290.8, 170.0, 1.5, 50.5, 3.5, 1.1, 0.6, 155.4
2021-04-01 01:00:00, 1057.6, 324.7, 20.6, 8.0, 15.8, 0.2, 263.1, 77.5, 0.0, 53.0, 4.6, 8.6, 0.5, 70.8
2021-04-01 09:00:00, 1041.9, 314.5, 11.3, 8.2, 13.5, 0.5, 291.7, 75.8, 0.1, 58.6, 2.4, 2.4, 3.3, 62.9
2021-04-01 17:00:00, 1409.3, 445.1, 34.8, 15.4, 64.8, 0.2, 452.5, 77.4, 4.5, 49.3, 2.2, 269.1, 48.3, 68.4
2021-04-02 01:00:00, 1050.7, 433.0, 2.9, 7.0, 16.4, 0.2, 529.8, 77.7, 0.4, 40.3, 2.2, 3.8, 0.4, 58.8
2021-04-02 09:00:00, 1121.5, 600.7, 53.8, 13.6, 31.2, 0.2, 396.7, 234.7, 22.5, 42.0, 9.7, 10.4, 22.3, 97.2
2021-04-02 17:00:00, 1235.2, 571.9, 26.2, 12.2, 74.2, 1.6, 502.9, 144.0, 2.8, 36.3, 2.2, 1.1, 0.5, 76.9
2021-04-03 01:00:00, 1078.4, 462.9, 11.6, 9.0, 18.1, 1.9, 593.4, 77.7, 0.1, 32.7, 3.9, 17.1, 1.4, 72.9
2021-04-03 09:00:00, 1093.2, 318.3, 12.1, 10.3, 52.2, 0.6, 262.5, 76.3, 0.1, 33.2, 2.6, 2.5, 31.8, 76.6
2021-04-03 17:00:00, 1110.3, 402.5, 19.1, 10.1, 85.5, 1.8, 344.7, 77.5, 0.8, 32.9, 2.3, 1.2, 11.2, 88.1
2021-04-04 01:00:00, 1095.1, 383.0, 31.4, 6.9, 21.4, 0.2, 386.1, 77.7, 0.1, 35.8, 2.2, 1.0, 0.4, 63.5
2021-04-04 09:00:00, 1113.0, 179.8, 15.5, 9.8, 21.0, 0.4, 36.9, 76.3, 0.1, 28.9, 2.7, 1.9, 0.5, 72.0
2021-04-04 17:00:00, 1131.1, 351.5, 22.9, 11.1, 71.1, 1.1, 338.1, 77.8, 9.7, 27.8, 2.4, 1.2, 11.6, 56.8
2021-04-05 01:00:00, 1091.8, 351.7, 9.5, 6.8, 14.6, 0.2, 402.4, 77.7, 0.2, 25.4, 3.8, 1.2, 11.3, 62.3
2021-04-05 09:00:00, 1351.3, 293.8, 17.5, 11.5, 13.4, 0.2, 161.1, 76.3, 0.2, 23.8, 2.6, 265.9, 13.3, 111.9
2021-04-05 17:00:00, 1203.0, 378.7, 12.1, 11.9, 60.4, 0.2, 255.4, 77.7, 5.7, 21.6, 2.7, 1.6, 8.4, 103.1
2021-04-06 01:00:00, 1077.3, 343.7, 6.5, 8.0, 14.7, 0.2, 401.1, 77.6, 0.1, 20.8, 2.3, 8.3, 0.4, 72.2
2021-04-06 09:00:00, 1173.1, 234.1, 9.5, 10.0, 13.5, 0.2, 18.8, 76.3, 0.1, 19.4, 2.6, 2.3, 10.3, 117.4
2021-04-06 17:00:00, 1240.9, 319.6, 28.1, 15.3, 78.3, 1.2, 47.9, 77.4, 0.1, 18.3, 2.9, 1.1, 0.4, 91.5
2021-04-07 01:00:00, 1060.5, 281.2, 5.6, 6.3, 33.9, 0.2, 223.2, 77.5, 0.1, 17.1, 2.2, 8.2, 22.0, 60.4
2021-04-07 09:00:00, 1056.4, 222.3, 18.6, 9.4, 17.8, 0.2, 18.7, 76.6, 0.3, 15.3, 2.7, 2.2, 0.8, 56.8
2021-04-07 17:00:00, 1376.8, 395.7, 23.9, 13.0, 65.6, 0.2, 294.3, 153.4, 3.9, 15.6, 3.0, 276.5, 0.7, 86.6
2021-04-08 01:00:00, 1127.8, 358.1, 6.3, 8.0, 15.7, 0.2, 366.8, 76.8, 0.1, 14.4, 2.3, 21.5, 0.5, 87.8
2021-04-08 09:00:00, 1075.5, 141.4, 3.3, 7.3, 12.6, 0.2, 18.7, 75.4, 0.1, 13.0, 2.5, 4.7, 0.6, 63.7
2021-04-08 17:00:00, 1217.4, 368.2, 28.2, 12.2, 66.7, 0.1, 18.0, 174.7, 10.1, 13.9, 2.2, 3.8, 0.6, 91.9
2021-04-09 01:00:00, 1063.4, 186.6, 6.3, 7.6, 14.8, 0.2, 18.3, 76.8, 0.0, 11.2, 2.3, 13.9, 0.5, 104.9
2021-04-09 09:00:00, 1057.5, 140.3, 6.3, 7.7, 13.2, 0.2, 18.6, 75.3, 0.1, 10.3, 2.3, 4.4, 0.6, 56.4
2021-04-09 17:00:00, 1140.7, 236.7, 28.5, 11.1, 73.9, 0.1, 18.2, 76.6, 0.2, 10.5, 2.2, 1.5, 0.5, 72.9
2021-04-10 01:00:00, 1086.6, 227.4, 12.3, 9.5, 50.2, 0.2, 73.6, 76.7, 0.1, 9.3, 2.4, 14.5, 13.4, 75.9
2021-04-10 09:00:00, 1072.5, 157.6, 6.5, 8.7, 15.8, 0.2, 18.6, 75.5, 0.1, 9.0, 2.4, 2.0, 8.6, 86.5
2021-04-10 17:00:00, 1179.2, 490.7, 31.1, 11.5, 66.3, 0.9, 17.6, 190.9, 19.1, 9.5, 2.2, 1.1, 0.5, 98.5
2021-04-11 01:00:00, 1058.5, 222.5, 0.0, 6.4, 14.5, 0.2, 18.1, 80.6, 0.1, 6.8, 2.3, 1.0, 0.5, 64.8
2021-04-11 09:00:00, 1132.0, 258.3, 25.9, 13.1, 18.2, 0.2, 18.5, 132.8, 7.4, 8.2, 3.7, 1.8, 41.3, 85.2
2021-04-11 17:00:00, 1116.1, 248.2, 17.2, 10.7, 37.8, 0.7, 18.0, 133.5, 3.2, 7.4, 2.4, 17.2, 0.4, 77.2
2021-04-12 01:00:00, 1081.1, 195.1, 28.4, 7.4, 14.7, 0.2, 59.7, 76.7, 0.0, 10.9, 4.3, 1.0, 10.2, 84.4
2021-04-12 09:00:00, 1086.4, 149.7, 5.3, 8.4, 12.9, 0.1, 18.4, 75.0, 0.1, 6.1, 2.3, 32.6, 0.6, 61.8
2021-04-12 17:00:00, 1568.9, 392.6, 32.6, 17.0, 62.8, 0.2, 18.2, 114.6, 2.5, 6.5, 3.9, 270.6, 31.9, 89.6
2021-04-13 01:00:00, 1034.9, 160.3, 5.9, 7.0, 16.9, 0.2, 18.1, 76.6, 0.0, 5.9, 3.5, 1.1, 0.4, 56.2
2021-04-13 09:00:00, 1094.6, 183.9, 14.7, 10.9, 19.6, 0.2, 18.2, 75.0, 0.1, 5.3, 2.4, 26.9, 8.6, 93.0
2021-04-13 17:00:00, 1240.3, 293.8, 49.4, 11.9, 57.0, 0.2, 18.1, 76.4, 0.2, 6.7, 2.3, 1.2, 11.2, 76.2
2021-04-14 01:00:00, 1031.3, 174.4, 2.8, 7.3, 14.2, 0.2, 28.5, 76.6, 0.1, 4.8, 2.4, 1.2, 0.5, 53.4
2021-04-14 09:00:00, 1128.3, 308.3, 33.7, 13.0, 18.9, 26.3, 18.8, 113.0, 6.3, 5.9, 2.4, 19.7, 11.4, 69.0
2021-04-14 17:00:00, 1155.9, 315.9, 20.9, 11.8, 45.5, 0.2, 18.0, 196.5, 2.1, 5.9, 4.3, 1.2, 0.5, 71.7
2021-04-15 01:00:00, 1040.4, 198.4, 6.3, 8.2, 19.3, 0.2, 52.5, 94.5, 0.0, 4.9, 3.0, 9.2, 0.5, 77.6
2021-04-15 09:00:00, 1059.1, 162.4, 13.7, 7.5, 12.8, 0.2, 65.3, 74.6, 0.1, 9.2, 2.3, 17.6, 0.6, 50.8
2021-04-15 17:00:00, 1100.7, 244.3, 11.4, 10.4, 40.7, 1.0, 147.6, 76.8, 3.8, 31.3, 3.3, 1.1, 0.5, 64.4
2021-04-16 01:00:00, 1094.5, 258.6, 6.3, 7.0, 21.0, 0.2, 202.1, 76.6, 0.0, 40.7, 2.4, 14.9, 0.5, 62.5
2021-04-16 09:00:00, 1094.7, 197.0, 3.5, 8.1, 24.4, 0.2, 115.6, 74.8, 0.1, 45.9, 2.4, 9.7, 8.6, 43.2
2021-04-16 17:00:00, 1176.1, 424.9, 20.6, 11.3, 74.8, 0.6, 400.3, 76.3, 0.3, 38.3, 2.6, 0.7, 0.5, 83.5
2021-04-17 01:00:00, 1299.7, 383.2, 12.0, 10.2, 38.9, 0.2, 336.6, 109.9, 2.7, 33.1, 2.4, 199.6, 0.7, 64.3
2021-04-17 09:00:00, 1290.8, 234.6, 15.8, 9.9, 15.4, 0.2, 18.3, 74.7, 0.5, 28.1, 2.4, 91.3, 0.8, 73.9
2021-04-17 17:00:00, 1151.9, 411.3, 31.8, 11.8, 58.9, 0.2, 206.8, 122.8, 3.2, 24.8, 3.7, 2.1, 26.4, 80.1
2021-04-18 01:00:00, 1096.9, 398.7, 8.3, 7.6, 18.9, 0.2, 350.2, 112.6, 0.1, 22.6, 2.4, 9.0, 0.5, 76.5
2021-04-18 09:00:00, 1325.5, 376.7, 29.0, 15.1, 49.1, 0.2, 75.6, 131.3, 12.0, 21.1, 4.3, 36.2, 0.6, 105.9
2021-04-18 17:00:00, 1214.6, 238.0, 25.9, 11.4, 67.3, 0.1, 18.1, 77.3, 0.1, 52.9, 2.3, 16.9, 0.4, 80.5
2021-04-19 01:00:00, 1135.1, 282.5, 36.7, 7.9, 15.4, 0.2, 166.5, 77.5, 0.7, 61.3, 2.4, 9.1, 0.5, 59.4
2021-04-19 09:00:00, 1106.1, 154.8, 9.1, 8.3, 20.1, 0.2, 18.6, 76.0, 0.1, 46.7, 2.6, 2.3, 0.6, 55.6
2021-04-19 17:00:00, 1454.5, 268.4, 33.1, 15.0, 50.1, 0.2, 18.3, 76.3, 0.1, 37.9, 3.2, 277.9, 19.4, 126.1
2021-04-20 01:00:00, 1084.5, 297.5, 11.3, 8.2, 16.9, 0.2, 148.9, 115.4, 0.8, 33.6, 4.3, 11.4, 0.6, 60.6
2021-04-20 09:00:00, 1067.7, 289.7, 12.2, 9.3, 13.3, 1.1, 175.6, 223.1, 0.1, 29.5, 2.5, 4.4, 8.5, 59.9
2021-04-20 17:00:00, 1116.0, 374.1, 5.9, 10.0, 51.0, 0.2, 327.3, 163.6, 0.1, 23.1, 2.3, 26.0, 15.9, 71.1
2021-04-21 01:00:00, 1071.6, 334.1, 9.0, 7.7, 14.7, 0.2, 344.8, 76.3, 0.7, 23.8, 2.4, 8.8, 0.4, 85.7
2021-04-21 09:00:00, 1296.0, 608.7, 35.4, 13.3, 20.4, 0.2, 401.2, 181.7, 2.1, 27.2, 2.8, 26.8, 16.7, 80.4
2021-04-21 17:00:00, 1149.0, 515.3, 27.9, 11.4, 63.3, 1.3, 451.5, 87.3, 6.8, 34.3, 3.4, 1.1, 0.6, 121.9
2021-04-22 01:00:00, 1086.8, 470.0, 6.2, 6.6, 28.5, 0.2, 482.2, 119.2, 0.1, 30.9, 2.3, 8.0, 0.5, 113.2
2021-04-22 09:00:00, 1076.2, 251.7, 12.3, 9.1, 14.0, 0.3, 215.8, 75.5, 0.1, 32.0, 2.6, 9.6, 19.2, 66.9
2021-04-22 17:00:00, 1113.9, 310.0, 16.4, 10.9, 53.2, 1.3, 281.1, 76.2, 0.1, 28.4, 2.3, 1.2, 14.8, 58.1
2021-04-23 01:00:00, 1047.8, 342.4, 8.8, 7.2, 14.5, 0.2, 371.3, 76.0, 0.1, 24.2, 2.3, 1.1, 10.7, 63.0
2021-04-23 09:00:00, 1325.3, 217.0, 8.5, 10.9, 12.4, 0.2, 151.0, 75.2, 0.1, 20.4, 2.5, 294.4, 8.8, 60.1
2021-04-23 17:00:00, 1223.5, 424.5, 20.0, 9.5, 44.5, 0.2, 342.4, 76.4, 0.3, 18.2, 4.3, 2.1, 11.2, 111.2
2021-04-24 01:00:00, 1087.0, 304.5, 6.0, 9.5, 15.0, 3.3, 310.3, 76.4, 0.2, 14.1, 3.2, 17.3, 0.5, 77.2
2021-04-24 09:00:00, 1080.9, 196.2, 15.7, 11.6, 26.3, 1.3, 33.3, 75.1, 0.4, 12.7, 2.5, 2.1, 19.5, 53.9
2021-04-24 17:00:00, 1194.6, 310.0, 32.8, 12.3, 68.4, 1.0, 102.7, 109.1, 0.3, 11.4, 3.4, 8.7, 8.4, 84.2
2021-04-25 01:00:00, 1060.4, 337.0, 9.1, 7.5, 20.4, 0.2, 262.2, 88.8, 0.1, 11.2, 2.4, 1.2, 0.5, 100.7
2021-04-25 09:00:00, 1411.7, 289.9, 30.4, 13.9, 28.3, 20.0, 51.2, 246.2, 0.1, 11.6, 4.9, 300.7, 14.0, 82.1
2021-04-25 17:00:00, 1158.4, 250.9, 9.1, 10.6, 47.9, 0.2, 46.2, 76.0, 0.1, 7.2, 3.1, 2.0, 0.4, 81.2
2021-04-26 01:00:00, 1071.6, 305.5, 34.7, 7.2, 14.3, 0.4, 269.4, 76.0, 0.1, 11.8, 2.3, 9.7, 0.4, 67.1
2021-04-26 09:00:00, 1028.4, 259.9, 3.1, 8.9, 44.5, 0.2, 183.9, 75.1, 1.0, 5.4, 2.7, 2.5, 0.5, 72.5
2021-04-26 17:00:00, 1090.1, 422.3, 25.4, 12.3, 61.4, 0.2, 414.7, 80.6, 19.7, 6.7, 3.2, 1.3, 4.9, 69.1
2021-04-27 01:00:00, 1087.1, 414.7, 16.3, 8.8, 17.6, 0.2, 297.9, 112.6, 0.1, 6.0, 4.3, 8.4, 9.1, 73.5
2021-04-27 09:00:00, 1072.5, 183.9, 14.5, 9.1, 13.0, 1.4, 18.2, 75.0, 1.1, 6.7, 2.4, 2.0, 0.6, 58.2
2021-04-27 17:00:00, 1329.9, 234.1, 5.8, 10.0, 49.0, 6.0, 17.9, 77.1, 0.1, 5.1, 3.2, 270.8, 0.7, 109.6
2021-04-28 01:00:00, 1053.4, 208.1, 9.2, 7.4, 28.4, 1.4, 63.3, 77.8, 1.9, 11.2, 2.5, 11.5, 0.5, 61.1
2021-04-28 09:00:00, 1211.4, 332.9, 21.9, 10.1, 36.3, 2.0, 238.5, 75.0, 0.1, 17.7, 87.9, 11.7, 0.7, 68.3
2021-04-28 17:00:00, 1190.9, 312.2, 25.3, 10.9, 61.0, 4.4, 215.5, 76.4, 2.0, 35.9, 33.6, 3.7, 0.5, 82.6
2021-04-29 01:00:00, 1082.3, 170.2, 3.9, 7.1, 14.3, 0.4, 53.6, 76.3, 0.0, 30.5, 2.3, 11.0, 0.6, 64.7
2021-04-29 09:00:00, 1065.9, 140.3, 11.2, 8.2, 12.8, 0.3, 18.1, 74.8, 0.1, 27.8, 2.3, 4.2, 0.6, 67.4
2021-04-29 17:00:00, 1174.6, 301.7, 33.6, 13.1, 72.9, 1.3, 60.5, 76.2, 0.8, 24.5, 3.1, 2.0, 16.8, 87.7
2021-04-30 01:00:00, 1125.2, 258.9, 14.3, 8.1, 24.3, 0.5, 110.5, 111.7, 1.2, 55.8, 2.8, 8.6, 0.5, 81.6
2021-04-30 09:00:00, 1185.5, 229.9, 11.9, 9.0, 55.2, 0.4, 141.0, 74.8, 0.2, 84.7, 2.4, 17.9, 22.1, 53.2
2021-04-30 17:00:00, 1668.9, 450.8, 21.4, 14.0, 64.7, 0.4, 300.9, 76.4, 0.1, 115.8, 3.0, 308.9, 0.7, 98.0
2021-05-01 01:00:00, 1161.5, 369.1, 12.9, 8.0, 14.9, 3.6, 315.9, 144.0, 0.2, 97.7, 3.9, 11.5, 11.1, 64.3
2021-05-01 09:00:00, 1133.6, 287.4, 16.4, 9.2, 22.4, 0.2, 191.4, 75.3, 0.2, 85.7, 2.5, 4.8, 0.7, 58.9
2021-05-01 17:00:00, 1131.9, 283.4, 13.1, 10.8, 45.4, 0.2, 231.5, 76.2, 1.6, 72.7, 3.9, 2.0, 0.5, 54.6
2021-05-02 01:00:00, 1098.2, 291.6, 9.6, 7.4, 14.6, 0.2, 261.7, 76.1, 0.1, 64.3, 2.3, 1.1, 0.5, 63.9
2021-05-02 09:00:00, 1179.9, 497.4, 32.0, 10.9, 82.0, 0.2, 375.3, 111.8, 2.1, 57.5, 4.7, 18.0, 0.9, 94.8
2021-05-02 17:00:00, 1180.7, 278.4, 40.1, 12.5, 89.3, 0.2, 18.1, 102.8, 6.9, 51.6, 3.5, 1.1, 26.0, 78.8
2021-05-03 01:00:00, 1126.7, 253.8, 40.2, 9.1, 18.8, 0.8, 96.6, 97.3, 0.4, 52.0, 3.8, 1.1, 4.4, 84.2
2021-05-03 09:00:00, 1146.4, 417.3, 26.1, 10.8, 45.7, 1.7, 336.3, 74.6, 1.2, 44.9, 2.9, 26.0, 3.3, 64.2
2021-05-03 17:00:00, 1298.8, 464.8, 17.2, 13.3, 54.7, 0.2, 377.5, 118.8, 0.1, 43.1, 3.2, 17.1, 0.4, 120.6
2021-05-04 01:00:00, 1108.5, 254.0, 2.8, 7.2, 14.2, 0.2, 235.4, 76.2, 0.1, 40.3, 2.3, 9.2, 0.4, 56.1
2021-05-04 09:00:00, 1370.2, 187.2, 15.2, 11.3, 12.6, 0.5, 18.2, 74.6, 0.2, 36.9, 2.3, 294.1, 13.6, 56.9
2021-05-04 17:00:00, 1135.0, 179.3, 16.9, 9.1, 43.9, 0.2, 46.6, 76.1, 0.1, 38.4, 3.5, 11.4, 11.3, 62.0
2021-05-05 01:00:00, 1079.4, 237.5, 15.6, 9.6, 17.2, 0.2, 61.3, 80.6, 2.9, 37.8, 2.3, 3.1, 0.6, 53.0
2021-05-05 09:00:00, 1153.1, 237.5, 45.2, 14.2, 42.2, 0.8, 18.0, 124.8, 0.2, 37.4, 4.8, 17.1, 22.8, 89.1
2021-05-05 17:00:00, 1184.6, 316.3, 5.7, 11.8, 46.2, 0.2, 57.8, 93.5, 8.4, 30.8, 4.0, 1.1, 0.5, 92.3
2021-05-06 01:00:00, 1100.1, 233.3, 6.0, 7.8, 14.1, 0.2, 163.3, 76.1, 0.0, 28.6, 2.4, 8.7, 0.4, 82.4
2021-05-06 09:00:00, 1369.7, 150.1, 11.3, 11.2, 13.5, 0.2, 18.5, 82.6, 0.1, 25.1, 2.4, 287.7, 11.3, 48.9
2021-05-06 17:00:00, 1357.0, 345.9, 30.0, 15.4, 69.6, 1.4, 29.9, 75.9, 0.1, 22.6, 5.1, 2.1, 19.2, 109.1
2021-05-07 01:00:00, 1071.3, 287.0, 14.2, 9.4, 14.2, 0.2, 200.5, 108.9, 0.1, 23.0, 3.7, 8.2, 0.5, 69.6
2021-05-07 09:00:00, 1103.7, 140.6, 11.3, 8.5, 13.2, 2.9, 18.2, 74.6, 0.2, 20.2, 2.5, 32.6, 0.7, 55.8
2021-05-07 17:00:00, 1324.3, 360.9, 21.7, 12.3, 75.4, 0.2, 36.7, 75.9, 0.2, 19.1, 3.3, 1.2, 2.5, 74.5
2021-05-08 01:00:00, 1107.7, 248.6, 14.1, 8.3, 24.9, 0.2, 203.0, 76.0, 0.1, 19.5, 2.3, 21.6, 0.4, 55.9
2021-05-08 09:00:00, 1082.1, 226.5, 11.7, 8.9, 51.3, 0.1, 95.4, 74.5, 0.2, 30.5, 2.3, 1.8, 8.7, 68.1
2021-05-08 17:00:00, 1180.4, 417.3, 13.3, 11.5, 49.5, 0.2, 227.6, 290.3, 7.4, 32.0, 3.5, 1.3, 22.9, 98.3
2021-05-09 01:00:00, 1100.4, 393.1, 11.0, 7.2, 14.2, 0.2, 382.2, 113.0, 0.3, 29.1, 2.3, 1.3, 0.5, 85.6
2021-05-09 09:00:00, 1397.2, 269.2, 20.9, 12.2, 22.5, 0.2, 26.2, 240.1, 0.1, 24.3, 3.2, 285.2, 27.6, 112.3
2021-05-09 17:00:00, 1191.7, 328.8, 22.3, 11.0, 122.4, 0.2, 113.0, 125.9, 13.6, 20.9, 3.4, 2.1, 0.5, 66.5
2021-05-10 01:00:00, 1111.7, 295.4, 31.8, 7.0, 14.6, 0.2, 265.9, 76.0, 0.1, 23.3, 2.3, 8.9, 0.5, 79.8
2021-05-10 09:00:00, 1107.6, 170.3, 14.4, 10.0, 13.5, 0.2, 39.6, 74.8, 0.2, 16.9, 2.4, 9.9, 0.6, 75.4
2021-05-10 17:00:00, 1174.4, 234.7, 15.0, 10.0, 42.9, 0.2, 18.1, 146.0, 0.1, 13.7, 3.5, 1.3, 11.0, 70.2
2021-05-11 01:00:00, 1120.6, 255.0, 15.5, 9.1, 15.4, 0.2, 101.0, 84.5, 1.8, 13.6, 2.5, 31.4, 16.9, 106.7
2021-05-11 09:00:00, 1083.6, 167.5, 22.5, 9.7, 22.1, 0.2, 46.5, 74.8, 0.1, 12.3, 2.4, 1.9, 22.2, 50.3
2021-05-11 17:00:00, 1213.5, 345.8, 19.1, 11.9, 52.0, 0.2, 235.7, 92.6, 0.2, 10.7, 3.1, 16.9, 0.4, 72.4
2021-05-12 01:00:00, 1094.9, 225.8, 6.1, 8.3, 14.1, 0.2, 177.8, 76.0, 0.1, 10.0, 2.4, 9.6, 0.4, 49.2
2021-05-12 09:00:00, 1113.8, 209.6, 18.1, 9.7, 14.8, 0.2, 18.5, 138.5, 1.8, 8.7, 3.9, 10.0, 4.3, 94.2
2021-05-12 17:00:00, 1361.2, 177.1, 13.2, 11.3, 47.4, 0.1, 18.2, 76.0, 2.3, 5.6, 3.2, 282.9, 26.5, 63.3
2021-05-13 01:00:00, 1062.5, 260.4, 11.8, 9.2, 14.9, 0.2, 146.0, 94.2, 0.1, 6.5, 4.8, 11.1, 0.5, 81.0
2021-05-13 09:00:00, 1148.6, 222.1, 18.1, 8.7, 13.1, 3.0, 18.6, 75.3, 0.2, 6.8, 2.6, 1.8, 0.7, 50.4
2021-05-13 17:00:00, 1071.4, 204.5, 9.0, 10.7, 51.3, 0.2, 18.2, 76.0, 0.1, 5.7, 4.5, 1.1, 2.7, 142.7
2021-05-14 01:00:00, 1043.2, 151.2, 3.2, 8.8, 14.0, 0.2, 27.5, 75.9, 0.1, 4.8, 2.4, 9.0, 0.4, 58.1
2021-05-14 09:00:00, 1056.6, 140.6, 8.9, 8.1, 13.8, 0.4, 18.4, 74.9, 0.2, 5.3, 3.1, 2.4, 3.6, 72.5
2021-05-14 17:00:00, 1293.1, 258.8, 23.6, 10.8, 52.0, 0.1, 18.4, 76.1, 13.3, 6.4, 4.5, 1.3, 0.4, 81.2
2021-05-15 01:00:00, 1231.5, 171.6, 5.7, 8.0, 14.1, 0.2, 18.2, 88.8, 0.0, 4.0, 3.1, 17.9, 0.2, 83.2
2021-05-15 09:00:00, 1254.5, 238.5, 26.4, 10.5, 16.8, 0.2, 18.6, 75.0, 2.0, 4.3, 2.5, 18.7, 0.6, 82.7
2021-05-15 17:00:00, 1688.8, 346.7, 32.6, 12.1, 50.2, 0.2, 18.4, 107.1, 0.8, 5.2, 3.3, 238.5, 0.7, 125.6
2021-05-16 01:00:00, 1220.0, 483.3, 15.1, 7.8, 14.4, 0.2, 486.9, 133.4, 0.1, 5.5, 2.5, 3.6, 0.3, 78.7
2021-05-16 09:00:00, 1858.0, 568.5, 52.3, 10.7, 26.4, 0.2, 651.2, 145.2, 3.4, 4.2, 2.5, 33.7, 16.9, 100.2
2021-05-16 17:00:00, 2023.3, 723.7, 18.8, 9.1, 61.5, 0.2, 643.4, 76.1, 0.0, 4.6, 4.1, 1.2, 31.8, 93.0
2021-05-17 01:00:00, 1296.8, 558.4, 41.6, 7.1, 14.3, 0.2, 648.2, 76.2, 3.5, 9.6, 2.4, 9.3, 0.3, 76.7
2021-05-17 09:00:00, 1998.0, 460.1, 12.1, 9.0, 13.5, 0.2, 649.4, 75.1, 1.3, 4.0, 2.4, 2.2, 20.0, 56.2
2021-05-17 17:00:00, 1994.1, 619.8, 25.4, 10.2, 50.5, 0.2, 642.9, 76.2, 8.6, 4.5, 3.1, 1.3, 27.7, 94.2
2021-05-18 01:00:00, 1465.9, 656.7, 12.4, 7.3, 14.4, 0.2, 643.3, 102.7, 0.1, 3.1, 2.3, 151.0, 0.6, 84.8
2021-05-18 09:00:00, 2440.3, 826.9, 8.6, 9.3, 13.6, 2.6, 648.2, 75.5, 0.2, 3.5, 2.4, 195.0, 14.3, 62.2
2021-05-18 17:00:00, 2254.5, 945.3, 11.5, 9.7, 41.0, 0.3, 638.7, 76.3, 0.2, 3.2, 3.3, 4.0, 1.3, 99.2
2021-05-19 01:00:00, 1457.7, 655.8, 8.2, 7.8, 33.0, 0.2, 644.5, 83.2, 0.1, 2.5, 3.9, 18.1, 0.5, 93.1
2021-05-19 09:00:00, 2803.9, 1061.1, 53.5, 10.8, 27.7, 0.4, 645.7, 150.7, 1.6, 4.5, 4.3, 2.1, 12.7, 104.0
2021-05-19 17:00:00, 2984.9, 1429.7, 37.9, 14.7, 203.9, 0.3, 636.8, 76.2, 14.3, 3.9, 3.0, 1.3, 1.8, 164.3
2021-05-20 01:00:00, 1921.1, 755.9, 9.0, 8.1, 15.5, 0.2, 640.5, 109.2, 3.7, 3.4, 3.2, 9.3, 1.1, 113.2
2021-05-20 09:00:00, 2802.5, 1030.5, 11.6, 7.4, 13.4, 0.2, 642.0, 75.4, 0.9, 3.2, 2.2, 8.3, 5.5, 48.0
2021-05-20 17:00:00, 3320.1, 1411.4, 30.1, 11.9, 53.5, 0.3, 633.7, 76.4, 2.9, 2.5, 3.1, 168.1, 2.2, 110.7
2021-05-21 01:00:00, 2534.6, 914.3, 13.2, 9.1, 20.7, 0.3, 637.8, 101.0, 4.6, 2.6, 2.2, 146.9, 1.6, 126.2
2021-05-21 09:00:00, 3227.5, 1309.1, 16.6, 7.0, 13.1, 0.3, 637.2, 234.3, 0.6, 2.5, 2.2, 4.7, 2.2, 65.5
2021-05-21 17:00:00, 3503.0, 1443.2, 50.4, 12.4, 60.2, 0.3, 629.5, 181.3, 0.2, 3.6, 3.9, 4.0, 2.4, 131.4
2021-05-22 01:00:00, 2926.8, 976.5, 11.3, 7.4, 20.6, 0.3, 634.0, 144.9, 0.1, 2.8, 3.9, 31.4, 2.1, 116.4
2021-05-22 09:00:00, 3251.3, 1195.7, 12.3, 8.4, 13.1, 0.2, 628.8, 75.1, 0.2, 3.1, 2.1, 14.2, 2.1, 73.9
2021-05-22 17:00:00, 4082.1, 1784.3, 561.0, 12.2, 162.0, 0.3, 621.8, 225.5, 3.3, 3.1, 3.1, 1.3, 2.4, 163.2
2021-05-23 01:00:00, 3180.1, 985.3, 29.7, 7.3, 14.9, 0.3, 624.7, 202.3, 0.1, 7.5, 2.1, 9.0, 2.2, 94.7
2021-05-23 09:00:00, 2206.3, 1028.7, 15.1, 8.9, 16.8, 0.2, 628.3, 181.7, 1.0, 3.4, 4.8, 17.5, 1.3, 94.7
2021-05-23 17:00:00, 2979.0, 1151.7, 296.7, 10.7, 123.4, 0.3, 626.6, 195.0, 1.3, 2.3, 3.0, 1.5, 1.7, 109.3
2021-05-24 01:00:00, 1313.8, 586.3, 35.6, 7.1, 14.6, 0.2, 633.0, 78.1, 0.1, 2.0, 2.4, 1.4, 0.4, 41.4
2021-05-24 09:00:00, 2698.8, 1146.2, 616.5, 9.7, 25.8, 0.2, 634.1, 173.4, 8.2, 4.3, 2.3, 10.2, 1.2, 166.1
2021-05-24 17:00:00, 2320.8, 883.1, 43.7, 13.1, 103.4, 0.2, 626.2, 75.9, 0.1, 3.8, 3.1, 234.5, 1.3, 81.5
2021-05-25 01:00:00, 1373.9, 554.4, 99.0, 6.2, 14.7, 0.2, 628.0, 76.0, 0.1, 2.5, 2.3, 3.9, 0.3, 64.1
2021-05-25 09:00:00, 1958.8, 1000.2, 237.7, 8.2, 14.5, 2.8, 625.0, 75.1, 0.2, 2.6, 2.5, 20.2, 28.5, 134.3
2021-05-25 17:00:00, 2306.2, 1057.3, 14.4, 10.4, 50.2, 4.1, 616.3, 76.2, 0.2, 2.3, 3.1, 4.0, 76.8, 100.1
2021-05-26 01:00:00, 1985.2, 860.6, 3.6, 5.7, 15.0, 3.4, 620.6, 76.3, 0.1, 2.9, 2.2, 3.9, 18.5, 74.0
2021-05-26 09:00:00, 3316.2, 1288.4, 118.4, 11.8, 82.8, 0.3, 617.3, 140.4, 2.4, 3.7, 3.6, 12.5, 18.4, 177.6
2021-05-26 17:00:00, 3848.5, 1239.7, 37.4, 12.4, 63.8, 0.3, 613.7, 170.6, 4.7, 4.5, 4.1, 1.4, 62.6, 131.1
2021-05-27 01:00:00, 2705.0, 652.7, 12.8, 9.2, 17.7, 0.2, 622.9, 106.1, 0.1, 2.7, 2.4, 185.8, 1.9, 123.1
2021-05-27 09:00:00, 2452.8, 504.0, 9.4, 8.6, 13.7, 0.2, 628.4, 75.1, 0.1, 2.2, 2.5, 72.7, 15.2, 101.1
2021-05-27 17:00:00, 2255.7, 724.8, 272.6, 9.4, 49.3, 0.2, 624.4, 102.2, 2.9, 2.8, 3.4, 2.6, 35.3, 86.9
2021-05-28 01:00:00, 1270.0, 469.4, 6.3, 6.9, 17.5, 0.2, 626.7, 75.8, 0.0, 2.3, 2.3, 17.2, 0.3, 91.9
2021-05-28 09:00:00, 1277.9, 432.4, 3.1, 7.1, 13.5, 18.3, 629.1, 74.9, 0.1, 2.0, 2.5, 1.8, 8.4, 56.8
2021-05-28 17:00:00, 1630.1, 653.2, 301.8, 9.7, 43.6, 0.2, 624.3, 75.7, 0.1, 3.6, 3.2, 9.4, 21.7, 112.0
2021-05-29 01:00:00, 1257.1, 523.6, 13.4, 8.5, 23.8, 0.2, 628.4, 113.1, 0.1, 2.7, 2.8, 18.9, 0.4, 85.3
2021-05-29 09:00:00, 1310.6, 490.9, 10.0, 7.2, 70.6, 0.2, 631.4, 75.2, 3.7, 2.0, 2.6, 5.2, 0.5, 41.9
2021-05-29 17:00:00, 1928.6, 771.2, 367.8, 12.8, 99.1, 0.2, 624.5, 75.9, 3.5, 2.6, 3.3, 4.2, 0.7, 116.2
2021-05-30 01:00:00, 1241.5, 577.8, 6.7, 7.3, 20.7, 0.2, 626.0, 157.7, 0.0, 2.4, 2.3, 4.2, 0.4, 93.2
2021-05-30 09:00:00, 2659.7, 914.8, 387.1, 12.9, 114.9, 0.2, 629.2, 259.9, 7.4, 3.3, 2.6, 273.3, 25.3, 100.2
2021-05-30 17:00:00, 1849.3, 789.1, 59.8, 11.3, 68.4, 0.2, 621.2, 148.9, 1.6, 2.4, 3.2, 1.3, 8.4, 130.4
2021-05-31 01:00:00, 1273.7, 504.7, 36.2, 7.3, 37.1, 0.2, 624.2, 75.9, 0.0, 7.3, 3.0, 1.3, 0.3, 55.4
2021-05-31 09:00:00, 1298.6, 595.5, 17.0, 9.4, 38.2, 0.2, 626.3, 75.2, 0.1, 2.6, 2.7, 25.3, 8.6, 66.9
2021-05-31 17:00:00, 1412.0, 873.8, 42.1, 11.2, 82.6, 0.2, 618.2, 76.0, 0.2, 3.2, 4.3, 1.4, 0.4, 139.0
2021-06-01 01:00:00, 1453.3, 601.8, 23.7, 7.8, 45.7, 0.2, 620.5, 125.8, 0.1, 2.2, 2.8, 9.1, 10.8, 63.5
2021-06-01 09:00:00, 2223.2, 771.3, 31.0, 7.8, 38.3, 0.2, 622.9, 75.2, 2.0, 3.0, 2.7, 2.2, 1.4, 67.7
2021-06-01 17:00:00, 2676.3, 937.0, 136.0, 11.3, 115.6, 0.2, 615.5, 75.8, 0.1, 3.2, 2.2, 268.8, 3.3, 89.1
2021-06-02 01:00:00, 1486.2, 588.6, 0.0, 6.8, 37.4, 0.2, 620.9, 76.0, 0.1, 1.7, 2.3, 4.0, 0.6, 110.5
2021-06-02 09:00:00, 2684.2, 702.5, 21.2, 10.0, 39.4, 2.2, 621.1, 75.2, 0.3, 2.1, 4.3, 19.6, 1.9, 92.5
2021-06-02 17:00:00, 2780.3, 885.6, 330.8, 9.7, 47.2, 0.4, 613.2, 75.9, 0.2, 4.4, 3.6, 1.3, 1.6, 94.9
2021-06-03 01:00:00, 1981.9, 987.6, 16.2, 8.7, 53.0, 0.3, 613.6, 116.8, 2.2, 2.4, 2.6, 8.6, 1.1, 112.8
2021-06-03 09:00:00, 2329.0, 1054.0, 12.8, 8.3, 60.6, 187.9, 611.7, 223.8, 0.1, 2.2, 2.1, 7.6, 12.1, 92.5
2021-06-03 17:00:00, 2630.0, 994.6, 23.9, 12.4, 77.5, 219.2, 609.9, 145.7, 0.3, 4.4, 3.9, 8.4, 22.9, 99.3
2021-06-04 01:00:00, 1943.2, 734.9, 3.2, 6.7, 38.2, 0.2, 612.0, 76.1, 0.1, 2.0, 2.3, 8.7, 1.0, 83.5
2021-06-04 09:00:00, 2781.5, 1023.0, 21.2, 10.2, 47.7, 2.2, 611.9, 75.1, 0.2, 2.9, 2.3, 2.2, 8.9, 116.5
2021-06-04 17:00:00, 3212.8, 1151.8, 52.2, 13.8, 84.8, 0.3, 605.5, 75.7, 0.7, 3.3, 3.3, 262.8, 2.1, 89.1
2021-06-05 01:00:00, 2384.1, 938.1, 39.2, 7.8, 39.6, 0.3, 609.3, 129.0, 0.1, 2.9, 4.1, 23.9, 15.5, 100.9
2021-06-05 09:00:00, 3894.1, 1514.9, 707.3, 9.5, 36.6, 0.2, 606.6, 75.1, 0.2, 2.5, 2.1, 4.6, 7.0, 99.6
2021-06-05 17:00:00, 3395.2, 1343.8, 65.9, 10.5, 70.3, 0.3, 603.0, 171.9, 5.7, 2.7, 4.2, 4.0, 8.1, 112.3
2021-06-06 01:00:00, 2753.8, 942.6, 5.8, 6.5, 36.7, 0.2, 608.1, 123.4, 0.1, 3.3, 2.2, 4.0, 1.8, 94.0
2021-06-06 09:00:00, 3609.4, 1479.1, 242.0, 11.1, 42.4, 2.0, 607.5, 129.9, 18.3, 3.8, 8.7, 28.4, 2.2, 174.8
2021-06-06 17:00:00, 3929.2, 1656.3, 480.5, 11.2, 73.6, 0.3, 599.4, 76.0, 0.1, 3.2, 3.0, 4.1, 2.4, 101.9
2021-06-07 01:00:00, 3327.4, 1101.5, 41.1, 6.8, 38.1, 0.3, 608.2, 76.3, 0.1, 7.4, 2.1, 11.7, 2.3, 103.3
2021-06-07 09:00:00, 3414.6, 1348.8, 19.7, 7.8, 38.3, 0.2, 606.7, 75.7, 1.9, 3.0, 2.2, 13.0, 2.3, 122.5
2021-06-07 17:00:00, 3955.1, 1625.6, 453.2, 11.1, 80.2, 0.3, 598.4, 76.1, 12.3, 4.2, 2.9, 2.8, 25.0, 101.8
2021-06-08 01:00:00, 3415.0, 1326.8, 10.1, 7.2, 41.5, 0.3, 602.9, 119.6, 0.1, 2.9, 3.3, 8.5, 2.0, 99.2
2021-06-08 09:00:00, 3500.4, 1390.3, 29.0, 9.2, 38.9, 2.2, 604.0, 75.1, 0.2, 3.7, 2.1, 17.2, 2.1, 136.0
2021-06-08 17:00:00, 3591.9, 1431.9, 30.9, 12.5, 74.3, 0.3, 598.3, 75.9, 0.2, 3.6, 3.4, 1.4, 15.9, 123.2
2021-06-09 01:00:00, 3409.8, 1274.5, 6.5, 7.3, 39.1, 0.7, 603.9, 86.8, 0.1, 2.8, 2.1, 1.3, 2.1, 115.8
2021-06-09 09:00:00, 4370.7, 1762.9, 616.6, 12.3, 47.7, 0.3, 606.7, 82.7, 10.4, 5.0, 3.5, 256.0, 17.6, 182.6
2021-06-09 17:00:00, 3614.1, 1455.5, 155.2, 11.1, 86.1, 0.3, 601.2, 85.5, 5.0, 3.7, 3.8, 4.2, 8.2, 146.2
2021-06-10 01:00:00, 2977.8, 892.9, 47.7, 7.4, 37.6, 0.2, 607.4, 82.0, 0.1, 2.6, 3.6, 11.4, 1.9, 92.0
2021-06-10 09:00:00, 3076.1, 920.8, 16.0, 11.0, 43.4, 58.1, 609.3, 75.3, 1.2, 2.6, 21.8, 9.3, 2.2, 80.5
2021-06-10 17:00:00, 3325.3, 1256.1, 345.5, 11.9, 73.0, 17.1, 603.3, 130.7, 6.8, 2.8, 5.9, 1.4, 1.9, 147.3
2021-06-11 01:00:00, 2139.7, 759.7, 3.7, 6.2, 37.9, 0.2, 604.7, 76.1, 0.0, 2.5, 2.2, 8.9, 1.2, 62.0
2021-06-11 09:00:00, 2663.3, 788.1, 12.4, 9.0, 38.2, 0.2, 606.6, 75.0, 0.1, 2.6, 2.2, 32.8, 1.7, 90.0
2021-06-11 17:00:00, 2896.8, 1074.1, 167.0, 14.9, 84.8, 0.3, 602.2, 92.6, 0.2, 3.5, 10.1, 305.7, 1.7, 113.2
2021-06-12 01:00:00, 1990.2, 693.2, 6.1, 7.4, 44.3, 0.2, 605.6, 76.0, 0.1, 2.2, 2.3, 17.7, 1.1, 114.4
2021-06-12 09:00:00, 3107.7, 892.0, 9.7, 9.2, 71.3, 0.2, 605.3, 75.2, 7.9, 2.2, 4.7, 4.1, 2.2, 112.0
2021-06-12 17:00:00, 3161.5, 1243.2, 226.9, 11.2, 66.5, 1.4, 597.1, 105.5, 0.6, 3.4, 2.1, 1.0, 9.8, 167.3
2021-06-13 01:00:00, 2160.6, 726.0, 11.5, 6.8, 43.1, 0.2, 598.8, 143.4, 0.1, 2.9, 2.2, 0.9, 1.2, 96.0
2021-06-13 09:00:00, 2844.1, 1064.4, 20.8, 10.9, 46.9, 1.3, 600.1, 187.9, 0.2, 3.4, 2.2, 26.3, 1.9, 102.3
2021-06-13 17:00:00, 3150.1, 1391.3, 396.1, 12.0, 91.7, 0.2, 593.9, 84.6, 1.9, 3.7, 2.9, 14.7, 4.7, 167.3
2021-06-14 01:00:00, 2259.6, 871.8, 31.3, 6.5, 38.2, 0.2, 598.9, 76.3, 0.1, 7.5, 2.2, 17.3, 1.2, 87.5
2021-06-14 09:00:00, 2839.5, 1084.3, 8.6, 7.9, 38.7, 0.2, 596.4, 75.2, 0.4, 2.8, 2.1, 9.3, 12.4, 77.8
2021-06-14 17:00:00, 2885.9, 1181.6, 30.9, 14.5, 87.4, 0.3, 593.7, 76.0, 4.5, 4.7, 3.5, 450.3, 12.5, 166.4
2021-06-15 01:00:00, 1914.0, 760.9, 7.0, 7.6, 50.1, 0.6, 596.4, 76.0, 0.0, 2.3, 2.2, 11.4, 0.9, 102.7
2021-06-15 09:00:00, 2048.9, 790.9, 13.3, 8.3, 75.0, 0.2, 595.6, 74.6, 0.2, 2.8, 2.4, 18.6, 14.1, 71.2
2021-06-15 17:00:00, 2011.0, 794.3, 11.4, 9.1, 63.3, 0.2, 597.8, 88.2, 0.1, 2.7, 3.1, 1.4, 1.0, 95.9
2021-06-16 01:00:00, 1422.8, 570.6, 5.9, 6.4, 42.2, 0.2, 601.6, 76.1, 0.1, 2.3, 2.4, 1.4, 0.4, 71.3
2021-06-16 09:00:00, 2203.0, 711.3, 29.1, 10.9, 64.7, 0.2, 605.5, 110.8, 1.6, 3.5, 6.2, 10.8, 17.2, 117.9
2021-06-16 17:00:00, 1952.3, 904.4, 110.9, 11.7, 68.4, 0.2, 597.0, 75.9, 15.4, 2.1, 3.1, 9.6, 50.7, 65.0
2021-06-17 01:00:00, 1374.7, 613.4, 9.2, 7.3, 41.9, 0.2, 601.7, 134.0, 0.1, 2.6, 3.7, 9.1, 0.5, 122.6
2021-06-17 09:00:00, 2187.0, 787.1, 25.6, 8.6, 69.6, 0.2, 602.5, 75.2, 0.2, 3.2, 2.6, 18.6, 1.4, 126.5
2021-06-17 17:00:00, 2568.9, 963.2, 180.4, 12.1, 59.5, 3.4, 594.8, 75.9, 0.1, 3.9, 3.5, 261.3, 1.4, 153.3
2021-06-18 01:00:00, 1427.9, 689.7, 3.3, 6.4, 37.6, 0.2, 596.8, 75.9, 0.1, 2.1, 2.3, 3.9, 0.5, 104.2
2021-06-18 09:00:00, 1896.0, 690.1, 9.5, 10.0, 40.7, 0.2, 594.0, 74.7, 0.2, 2.5, 2.3, 19.6, 11.7, 55.4
2021-06-18 17:00:00, 1991.5, 724.3, 22.8, 12.2, 81.1, 0.2, 590.6, 132.1, 0.2, 2.9, 3.2, 1.9, 0.9, 145.0
2021-06-19 01:00:00, 1811.6, 697.7, 23.2, 9.6, 52.4, 0.2, 593.0, 76.0, 0.1, 2.8, 2.4, 16.0, 0.8, 121.0
2021-06-19 09:00:00, 2786.8, 978.7, 8.7, 10.0, 38.3, 0.2, 593.3, 75.3, 0.4, 2.8, 2.3, 2.2, 1.8, 82.5
2021-06-19 17:00:00, 3630.0, 1385.4, 241.8, 9.8, 173.2, 0.3, 650.7, 126.5, 3.1, 4.7, 3.1, 9.1, 10.2, 160.7
2021-06-20 01:00:00, 3206.1, 890.9, 6.3, 7.7, 38.0, 0.2, 668.0, 133.8, 0.0, 3.2, 2.2, 1.4, 2.2, 97.5
2021-06-20 09:00:00, 3421.3, 1189.6, 15.3, 9.2, 53.6, 0.2, 666.3, 230.6, 4.2, 2.8, 3.7, 25.8, 2.3, 102.6
2021-06-20 17:00:00, 3581.4, 1336.0, 188.7, 9.3, 72.1, 0.3, 658.9, 195.7, 0.1, 2.3, 3.1, 4.0, 26.4, 153.4
2021-06-21 01:00:00, 3095.9, 937.8, 33.4, 7.4, 59.6, 0.3, 663.7, 91.2, 0.2, 7.7, 2.6, 9.2, 2.0, 82.7
2021-06-21 09:00:00, 3024.6, 1112.7, 11.0, 8.1, 48.2, 0.2, 659.2, 75.0, 0.1, 3.4, 2.2, 28.3, 1.9, 103.3
2021-06-21 17:00:00, 3490.7, 1364.8, 14.1, 9.8, 62.7, 0.3, 655.2, 155.7, 0.2, 2.8, 2.7, 1.5, 2.3, 142.1
2021-06-22 01:00:00, 2664.1, 995.9, 8.8, 7.7, 41.4, 0.3, 661.7, 164.0, 0.1, 3.0, 2.2, 8.9, 1.6, 114.3
2021-06-22 09:00:00, 2360.1, 792.8, 9.5, 8.0, 47.2, 0.2, 667.2, 74.8, 0.1, 3.2, 2.4, 17.4, 1.4, 73.1
2021-06-22 17:00:00, 2071.6, 811.8, 8.3, 9.1, 57.0, 0.2, 663.7, 75.9, 0.1, 2.7, 3.5, 1.5, 14.8, 122.2
2021-06-23 01:00:00, 1363.6, 621.0, 0.0, 6.2, 37.2, 0.2, 670.5, 76.1, 0.1, 2.1, 2.4, 1.4, 0.4, 84.3
2021-06-23 09:00:00, 2723.8, 856.6, 180.1, 12.8, 70.7, 0.2, 670.8, 75.0, 0.2, 3.0, 4.1, 301.1, 1.7, 113.2
2021-06-23 17:00:00, 2911.6, 1352.4, 675.3, 11.4, 80.5, 0.2, 667.2, 164.2, 4.2, 2.1, 4.2, 2.4, 31.5, 161.9
2021-06-24 01:00:00, 2416.9, 1176.6, 950.5, 7.2, 48.8, 0.6, 669.5, 92.0, 0.1, 2.9, 3.3, 9.3, 0.4, 100.6
2021-06-24 09:00:00, 3405.5, 1130.2, 79.6, 13.9, 75.7, 2.7, 671.4, 75.1, 0.2, 2.1, 2.6, 286.9, 16.0, 148.0
2021-06-24 17:00:00, 2790.3, 1064.9, 94.4, 9.2, 80.4, 0.2, 662.9, 76.2, 0.2, 3.7, 6.8, 3.5, 1.6, 134.4
2021-06-25 01:00:00, 2066.2, 802.1, 2.9, 7.2, 42.6, 0.2, 664.2, 76.0, 0.1, 2.2, 2.3, 10.9, 1.1, 73.6
2021-06-25 09:00:00, 2867.9, 1035.6, 14.9, 9.9, 70.8, 23.0, 663.2, 74.7, 0.2, 2.8, 2.2, 9.7, 1.7, 130.4
2021-06-25 17:00:00, 3406.6, 1140.4, 35.1, 12.5, 64.7, 0.2, 655.2, 76.0, 2.8, 3.2, 4.1, 1.3, 23.4, 114.4
2021-06-26 01:00:00, 3254.5, 985.8, 2.8, 7.4, 38.6, 0.3, 656.1, 76.1, 0.1, 2.3, 2.1, 9.4, 2.2, 97.8
2021-06-26 09:00:00, 3350.8, 1048.8, 17.3, 11.2, 51.7, 0.2, 653.8, 78.5, 4.5, 2.5, 5.8, 24.8, 12.9, 121.9
2021-06-26 17:00:00, 3235.7, 1072.3, 11.4, 9.2, 64.3, 0.2, 655.4, 100.3, 0.1, 3.1, 3.0, 1.3, 2.1, 109.8
2021-06-27 01:00:00, 3429.3, 1089.4, 9.8, 8.7, 38.8, 0.3, 657.8, 119.9, 0.1, 2.8, 2.2, 116.7, 2.3, 117.0
2021-06-27 09:00:00, 3656.4, 1334.2, 30.6, 11.8, 44.4, 0.2, 653.9, 145.2, 2.4, 4.4, 2.4, 128.6, 2.5, 144.0
2021-06-27 17:00:00, 3710.9, 1484.3, 32.5, 10.9, 68.9, 0.2, 648.1, 75.7, 0.1, 4.6, 2.9, 11.6, 2.4, 148.4
2021-06-28 01:00:00, 3559.7, 1303.7, 37.6, 7.4, 39.6, 0.3, 653.7, 76.1, 0.1, 8.3, 2.0, 12.0, 2.3, 140.7
2021-06-28 09:00:00, 3603.2, 1364.2, 5.7, 9.3, 44.3, 0.2, 652.2, 74.9, 0.2, 3.0, 2.2, 5.1, 10.2, 130.2
2021-06-28 17:00:00, 4336.1, 1767.3, 452.0, 13.1, 73.1, 0.2, 644.6, 101.1, 0.2, 5.1, 3.0, 227.6, 2.8, 232.9
2021-06-29 01:00:00, 3606.4, 1436.4, 6.4, 8.0, 51.4, 0.3, 652.9, 88.8, 0.1, 3.3, 2.1, 37.0, 2.3, 110.4
2021-06-29 09:00:00, 3631.9, 1453.3, 10.1, 9.7, 48.6, 3.1, 654.6, 75.1, 8.7, 3.1, 2.5, 12.0, 2.3, 166.7
2021-06-29 17:00:00, 3665.2, 1448.3, 12.7, 8.9, 65.9, 0.3, 652.4, 76.2, 0.1, 3.8, 3.0, 3.0, 2.4, 124.4
2021-06-30 01:00:00, 3562.5, 1411.1, 0.0, 7.3, 39.4, 0.3, 652.7, 76.3, 0.1, 2.8, 2.1, 8.4, 2.2, 155.7
2021-06-30 09:00:00, 3700.7, 1489.7, 36.4, 11.4, 40.4, 0.9, 649.1, 80.4, 0.4, 3.7, 2.7, 1.9, 6.0, 131.7
2021-06-30 17:00:00, 3666.9, 1556.7, 30.2, 9.1, 56.5, 0.3, 645.2, 75.8, 11.1, 4.1, 3.4, 7.0, 7.3, 183.2
2021-07-01 01:00:00, 3441.9, 1262.4, 10.0, 7.2, 38.3, 0.3, 650.1, 101.2, 0.0, 3.6, 2.2, 1.4, 2.0, 91.3
2021-07-01 09:00:00, 4147.8, 1803.9, 533.9, 12.4, 91.8, 0.3, 650.5, 253.2, 2.5, 2.8, 3.6, 20.2, 58.7, 117.7
2021-07-01 17:00:00, 3608.9, 1534.6, 19.5, 11.3, 71.6, 0.3, 646.8, 147.2, 0.4, 3.8, 3.0, 1.3, 2.3, 245.7
2021-07-02 01:00:00, 3399.7, 1068.2, 13.8, 8.0, 45.0, 0.3, 652.0, 76.1, 2.3, 2.6, 2.6, 8.7, 2.1, 82.3
2021-07-02 09:00:00, 3621.8, 1039.7, 21.3, 10.8, 53.8, 2.0, 654.0, 74.5, 6.9, 3.6, 2.3, 269.8, 2.6, 120.6
2021-07-02 17:00:00, 3307.8, 889.5, 6.5, 8.0, 57.7, 0.2, 653.7, 75.6, 0.1, 2.4, 3.5, 4.0, 2.1, 112.3
2021-07-03 01:00:00, 2879.2, 736.6, 9.2, 8.2, 38.1, 0.2, 657.0, 102.1, 0.1, 3.1, 4.5, 9.9, 6.2, 89.1
2021-07-03 09:00:00, 3218.1, 844.1, 15.7, 9.2, 40.5, 0.2, 657.1, 74.8, 0.2, 4.0, 2.3, 4.5, 18.0, 89.8
2021-07-03 17:00:00, 3209.0, 928.6, 15.1, 8.6, 67.4, 0.2, 652.9, 126.0, 0.2, 3.6, 3.4, 2.9, 12.8, 90.6
2021-07-04 01:00:00, 2442.1, 676.6, 3.1, 7.0, 37.7, 0.2, 659.0, 98.8, 0.1, 2.9, 2.5, 1.3, 1.4, 83.6
2021-07-04 09:00:00, 3339.8, 1113.6, 18.5, 10.3, 64.9, 0.2, 658.9, 188.9, 1.7, 3.3, 2.4, 32.1, 19.8, 115.0
2021-07-04 17:00:00, 3377.5, 1382.4, 15.5, 8.4, 117.0, 0.3, 651.5, 275.0, 0.1, 3.0, 3.2, 1.5, 29.1, 123.8
2021-07-05 01:00:00, 2739.0, 806.6, 28.5, 8.5, 40.9, 0.2, 658.5, 196.9, 0.1, 7.0, 2.4, 9.1, 1.6, 77.8
2021-07-05 09:00:00, 3155.0, 916.7, 6.2, 7.7, 39.6, 0.2, 659.2, 75.4, 0.2, 2.4, 2.3, 2.2, 2.2, 77.6
2021-07-05 17:00:00, 3760.5, 1400.8, 108.8, 13.5, 85.2, 0.3, 644.9, 75.9, 0.2, 3.0, 3.1, 246.4, 21.3, 145.4
2021-07-06 01:00:00, 3419.8, 1155.0, 15.4, 8.9, 46.5, 0.3, 649.9, 157.4, 0.1, 3.2, 2.3, 26.1, 2.1, 106.4
2021-07-06 09:00:00, 3467.1, 1336.6, 12.7, 8.2, 39.0, 2.8, 647.0, 75.2, 0.2, 3.9, 3.1, 9.0, 2.2, 78.3
2021-07-06 17:00:00, 3468.2, 1260.0, 18.8, 8.2, 50.0, 0.9, 643.3, 75.8, 0.5, 4.3, 2.2, 1.4, 2.3, 140.3
2021-07-07 01:00:00, 2350.7, 842.9, 0.0, 6.6, 38.4, 0.2, 650.4, 76.0, 0.1, 2.5, 2.3, 1.1, 1.3, 89.0
2021-07-07 09:00:00, 2480.7, 716.5, 11.9, 8.4, 60.8, 4.2, 652.6, 74.4, 5.5, 2.4, 2.4, 1.8, 1.4, 100.4
2021-07-07 17:00:00, 3750.2, 1329.9, 36.9, 11.5, 96.5, 19.8, 652.4, 244.5, 5.4, 4.8, 3.4, 228.8, 2.4, 114.8
2021-07-08 01:00:00, 2695.9, 681.6, 9.4, 8.9, 43.9, 0.2, 652.8, 97.1, 0.1, 2.5, 2.4, 11.3, 1.7, 93.9
2021-07-08 09:00:00, 2738.9, 674.4, 8.5, 8.5, 69.5, 0.2, 651.6, 74.4, 0.1, 3.2, 2.3, 24.1, 30.0, 85.6
2021-07-08 17:00:00, 2539.4, 774.2, 20.8, 10.2, 77.6, 1.1, 646.7, 75.6, 0.2, 3.7, 3.5, 1.1, 11.5, 157.6
2021-07-09 01:00:00, 2369.5, 666.2, 3.9, 7.2, 51.6, 0.2, 651.0, 76.0, 0.1, 2.7, 3.5, 8.8, 1.3, 83.7
2021-07-09 09:00:00, 3091.9, 582.9, 7.1, 9.1, 53.6, 0.2, 652.7, 74.5, 0.2, 1.8, 2.5, 1.8, 10.0, 61.9
2021-07-09 17:00:00, 2783.5, 999.8, 41.8, 15.5, 95.7, 0.2, 649.1, 103.7, 3.0, 2.7, 3.5, 236.0, 1.6, 115.3
2021-07-10 01:00:00, 1933.3, 725.0, 14.7, 7.4, 46.5, 0.2, 655.7, 76.2, 0.0, 2.6, 2.5, 28.4, 1.0, 97.9
2021-07-10 09:00:00, 3202.3, 1113.7, 9.7, 9.2, 39.6, 0.2, 656.9, 75.5, 0.1, 2.3, 2.3, 11.5, 18.1, 69.5
2021-07-10 17:00:00, 3567.2, 1455.9, 21.9, 9.7, 76.3, 0.3, 649.0, 139.4, 0.2, 3.2, 3.1, 10.1, 2.3, 137.8
2021-07-11 01:00:00, 2313.1, 850.4, 5.5, 7.2, 38.2, 0.2, 652.0, 83.8, 0.1, 2.4, 2.3, 8.5, 6.3, 101.8
2021-07-11 09:00:00, 3581.1, 1021.8, 18.3, 10.8, 45.8, 0.2, 653.4, 134.6, 0.2, 3.7, 2.2, 292.3, 2.3, 122.5
2021-07-11 17:00:00, 3358.8, 1267.1, 28.4, 10.7, 68.7, 0.3, 646.4, 125.0, 1.7, 3.5, 8.6, 1.3, 2.1, 74.3
2021-07-12 01:00:00, 2970.6, 875.8, 35.8, 8.1, 44.8, 0.2, 650.6, 75.9, 0.8, 8.1, 3.0, 15.5, 1.8, 141.4
2021-07-12 09:00:00, 3344.7, 1145.7, 11.2, 7.8, 44.0, 0.2, 653.6, 75.2, 0.1, 3.2, 2.2, 2.1, 2.2, 76.9
2021-07-12 17:00:00, 3643.2, 1583.2, 27.1, 11.8, 78.5, 0.4, 646.4, 112.9, 0.4, 3.4, 3.2, 9.1, 10.2, 151.5
2021-07-13 01:00:00, 3399.9, 1109.2, 11.5, 8.8, 42.7, 0.2, 649.2, 121.0, 0.1, 2.9, 4.0, 14.7, 2.3, 143.3
2021-07-13 09:00:00, 3604.1, 1374.1, 9.4, 8.6, 38.7, 0.3, 645.9, 75.0, 0.8, 2.9, 2.4, 12.3, 2.1, 88.2
2021-07-13 17:00:00, 3968.1, 1571.3, 35.3, 12.7, 85.7, 0.3, 642.4, 97.4, 0.2, 5.1, 20.6, 230.4, 2.6, 185.4
2021-07-14 01:00:00, 3444.6, 1325.9, 3.1, 6.7, 41.9, 0.3, 642.3, 76.2, 0.1, 2.6, 2.1, 3.8, 2.3, 87.0
2021-07-14 09:00:00, 2618.3, 853.0, 31.5, 12.0, 76.5, 1.4, 647.7, 74.9, 13.0, 3.7, 2.5, 10.6, 16.1, 140.7
2021-07-14 17:00:00, 1359.6, 483.9, 0.0, 8.0, 43.4, 0.0, 642.3, 75.4, 0.1, 2.3, 2.4, 0.8, 0.5, 142.0
2021-07-15 01:00:00, 1359.2, 466.0, 0.0, 6.7, 38.2, 0.0, 646.5, 75.9, 0.1, 2.6, 2.5, 0.7, 0.5, 108.7
2021-07-15 09:00:00, 1378.3, 456.0, 0.0, 7.8, 40.8, 0.0, 644.7, 74.6, 0.2, 2.5, 2.5, 1.5, 0.7, 85.6
2021-07-15 17:00:00, 1362.8, 480.7, 0.0, 7.1, 43.5, 0.0, 634.7, 75.2, 0.2, 2.7, 2.3, 0.7, 0.5, 142.5
2021-07-16 01:00:00, 1378.1, 461.6, 0.0, 6.2, 38.5, 0.0, 639.3, 75.6, 0.1, 2.5, 2.5, 0.7, 0.4, 105.3
2021-07-16 09:00:00, 1381.0, 465.0, 3.4, 7.7, 37.4, 0.0, 644.3, 74.4, 0.2, 2.7, 2.5, 1.3, 0.7, 104.6
2021-07-16 17:00:00, 1360.0, 465.9, 0.0, 7.0, 43.1, 0.0, 640.4, 75.4, 0.1, 2.8, 2.4, 0.7, 0.6, 108.5
2021-07-17 01:00:00, 1360.2, 458.1, 0.0, 6.2, 38.2, 0.0, 643.8, 75.7, 0.1, 2.7, 2.5, 0.6, 0.5, 96.3
2021-07-17 09:00:00, 1357.2, 464.2, 0.0, 7.7, 37.3, 0.0, 645.1, 74.3, 0.2, 2.4, 2.4, 1.1, 0.8, 108.0
2021-07-17 17:00:00, 2873.7, 1127.4, 41.9, 11.9, 74.6, 0.0, 641.0, 122.6, 10.2, 4.6, 3.2, 0.7, 1.7, 162.3
2021-07-18 01:00:00, 3475.1, 1187.9, 5.9, 6.5, 39.4, 0.0, 645.4, 97.9, 0.0, 3.5, 2.2, 0.7, 2.1, 86.1
2021-07-18 09:00:00, 3577.3, 1484.4, 48.3, 10.8, 52.1, 3.3, 645.1, 117.0, 7.6, 4.0, 3.2, 17.2, 2.2, 145.6
2021-07-18 17:00:00, 3821.7, 1496.8, 18.0, 11.7, 77.9, 0.0, 638.2, 96.2, 0.1, 3.8, 3.1, 215.9, 6.9, 191.3
2021-07-19 01:00:00, 3464.4, 1317.2, 3.0, 6.6, 38.6, 0.0, 643.4, 76.5, 0.1, 3.2, 2.1, 11.4, 2.1, 99.2
2021-07-19 09:00:00, 3543.6, 1385.2, 9.8, 7.8, 40.9, 0.0, 641.8, 75.3, 0.2, 3.3, 2.1, 3.7, 2.2, 116.3
2021-07-19 17:00:00, 3589.6, 1415.6, 22.4, 9.9, 68.1, 0.0, 633.1, 76.0, 1.0, 4.0, 2.0, 1.3, 10.2, 121.9
2021-07-20 01:00:00, 3482.5, 1353.8, 6.9, 6.8, 38.9, 0.0, 637.7, 76.5, 0.1, 3.0, 2.1, 8.5, 2.1, 112.8
2021-07-20 09:00:00, 3529.5, 1385.0, 11.2, 7.5, 41.2, 0.0, 637.9, 75.2, 0.2, 4.4, 2.1, 1.9, 2.2, 132.0
2021-07-20 17:00:00, 3746.3, 1468.3, 19.1, 10.8, 57.6, 0.0, 636.5, 77.0, 2.6, 3.2, 3.0, 229.3, 2.3, 125.6
2021-07-21 01:00:00, 3433.6, 1210.0, 33.1, 6.8, 38.4, 0.0, 640.8, 88.7, 0.0, 8.5, 2.2, 3.8, 2.0, 122.2
2021-07-21 09:00:00, 3585.1, 1463.2, 18.4, 9.6, 50.6, 0.0, 645.0, 88.0, 14.4, 3.7, 4.1, 3.8, 2.1, 116.4
2021-07-21 17:00:00, 3448.9, 1405.1, 13.0, 10.3, 120.3, 0.0, 639.7, 112.4, 0.1, 2.6, 3.4, 1.4, 12.0, 115.8
2021-07-22 01:00:00, 3321.1, 939.3, 3.6, 6.8, 57.6, 0.0, 646.1, 76.1, 0.1, 2.3, 2.3, 1.3, 2.1, 103.7
2021-07-22 09:00:00, 3441.6, 1193.9, 6.1, 8.6, 38.4, 0.0, 649.2, 75.2, 0.2, 3.1, 2.3, 17.6, 2.3, 105.9
2021-07-22 17:00:00, 3419.0, 1410.0, 21.1, 10.8, 83.0, 0.0, 643.1, 76.3, 1.3, 2.9, 3.3, 0.9, 2.2, 173.7
2021-07-23 01:00:00, 3129.3, 976.7, 8.8, 8.3, 60.4, 0.0, 647.0, 76.2, 0.1, 2.5, 3.3, 0.9, 12.7, 87.3
2021-07-23 09:00:00, 3409.0, 1129.6, 16.2, 9.0, 40.1, 20.1, 648.8, 75.4, 0.2, 3.3, 2.4, 19.2, 2.2, 80.8
2021-07-23 17:00:00, 3890.9, 1412.8, 34.4, 13.1, 77.9, 2.0, 642.0, 74.6, 1.0, 3.7, 3.5, 251.2, 5.4, 152.3
2021-07-24 01:00:00, 2948.9, 781.4, 6.4, 6.7, 37.9, 0.0, 644.0, 71.1, 0.0, 2.9, 3.3, 26.5, 1.9, 103.8
2021-07-24 09:00:00, 3565.6, 1191.3, 138.0, 7.7, 39.3, 0.0, 646.1, 71.7, 12.4, 3.0, 2.3, 12.2, 2.3, 80.0
2021-07-24 17:00:00, 3621.8, 1471.2, 158.3, 11.0, 63.3, 0.0, 635.0, 75.1, 4.5, 4.3, 8.0, 3.9, 2.2, 185.6
2021-07-25 01:00:00, 3397.2, 1004.9, 2.9, 7.2, 39.1, 0.0, 637.6, 97.2, 0.1, 3.2, 2.3, 3.9, 2.2, 73.8
2021-07-25 09:00:00, 3598.1, 1490.1, 38.5, 11.2, 52.5, 0.0, 636.0, 238.1, 0.2, 4.2, 4.1, 16.3, 2.3, 155.2
2021-07-25 17:00:00, 3718.3, 1486.4, 14.4, 10.1, 83.2, 0.0, 631.2, 186.4, 1.5, 3.8, 2.7, 1.3, 2.5, 154.8
2021-07-26 01:00:00, 3525.2, 1192.5, 3.8, 6.8, 39.0, 0.0, 635.0, 76.6, 0.1, 2.6, 2.0, 9.2, 2.2, 96.7
2021-07-26 09:00:00, 3629.8, 1381.2, 12.5, 8.8, 39.9, 0.0, 638.1, 76.7, 0.2, 2.5, 2.1, 13.9, 15.2, 97.2
2021-07-26 17:00:00, 4080.0, 1608.2, 20.1, 12.3, 82.1, 0.0, 633.5, 174.7, 0.2, 3.2, 3.9, 220.9, 18.5, 169.3
2021-07-27 01:00:00, 3381.5, 929.6, 3.5, 6.5, 38.3, 0.0, 637.8, 75.9, 2.5, 2.3, 2.3, 3.9, 2.1, 89.0
2021-07-27 09:00:00, 3283.3, 910.8, 8.9, 7.9, 46.0, 0.0, 640.9, 74.5, 3.5, 3.2, 2.6, 32.1, 2.1, 117.7
2021-07-27 17:00:00, 3170.5, 853.8, 34.0, 11.5, 90.8, 0.0, 633.7, 89.3, 2.1, 3.2, 5.4, 1.8, 20.2, 112.0
2021-07-28 01:00:00, 2270.1, 606.8, 3.1, 6.1, 37.7, 0.0, 634.3, 87.3, 0.0, 2.9, 2.6, 1.2, 1.3, 77.9
2021-07-28 09:00:00, 3415.7, 927.3, 34.9, 13.2, 52.8, 3.1, 635.9, 149.5, 12.2, 4.4, 16.9, 10.1, 14.6, 101.7
2021-07-28 17:00:00, 3459.3, 1270.7, 6.0, 9.2, 82.9, 0.0, 631.7, 76.2, 5.4, 2.4, 4.7, 1.4, 2.1, 155.3
2021-07-29 01:00:00, 2508.9, 829.1, 35.7, 7.3, 43.6, 0.0, 632.4, 76.0, 0.1, 7.9, 2.4, 8.5, 1.4, 102.5
2021-07-29 09:00:00, 2611.7, 744.6, 12.0, 7.6, 39.6, 0.0, 632.0, 74.5, 0.2, 3.3, 2.4, 23.8, 35.0, 104.7
2021-07-29 17:00:00, 3672.8, 974.5, 51.0, 12.4, 69.8, 0.0, 626.5, 76.1, 0.2, 2.9, 3.6, 250.7, 44.1, 133.4
2021-07-30 01:00:00, 2407.4, 680.7, 6.0, 7.0, 47.5, 0.0, 629.3, 76.0, 0.1, 2.8, 2.5, 11.5, 1.3, 70.7
2021-07-30 09:00:00, 3048.2, 745.4, 26.6, 9.7, 58.3, 0.0, 633.9, 75.9, 0.2, 3.1, 2.7, 5.0, 10.0, 142.5
2021-07-30 17:00:00, 3183.0, 1029.4, 192.8, 13.5, 73.6, 0.0, 630.3, 76.4, 1.0, 3.0, 3.8, 273.7, 28.8, 154.2
2021-07-31 01:00:00, 1957.1, 598.2, 9.2, 7.7, 38.4, 0.0, 631.6, 82.1, 1.5, 2.9, 2.5, 19.4, 1.0, 105.0
2021-07-31 09:00:00, 2544.3, 763.0, 46.8, 16.4, 85.6, 0.1, 631.6, 97.3, 4.1, 3.9, 3.0, 20.3, 1.6, 204.1
2021-07-31 17:00:00, 1341.8, 446.8, 8.1, 7.9, 43.3, 0.0, 626.5, 76.0, 0.7, 3.6, 2.5, 1.2, 0.4, 74.7
2021-08-01 01:00:00, 1339.2, 451.9, 0.0, 5.6, 38.0, 0.0, 627.0, 76.1, 0.1, 2.0, 2.5, 1.1, 0.4, 102.5
2021-08-01 09:00:00, 1343.9, 440.8, 0.0, 8.1, 36.7, 0.0, 627.6, 74.7, 0.1, 2.2, 2.4, 1.7, 0.6, 79.4
2021-08-01 17:00:00, 1334.1, 438.8, 0.0, 7.8, 43.2, 0.0, 626.4, 76.1, 0.1, 2.0, 2.4, 1.1, 0.4, 68.1
2021-08-02 01:00:00, 1336.4, 436.0, 0.0, 5.7, 38.0, 0.0, 629.5, 76.3, 0.1, 2.2, 2.6, 1.3, 0.3, 67.3
2021-08-02 09:00:00, 2072.9, 478.1, 0.0, 8.0, 38.1, 0.0, 634.3, 75.4, 0.2, 1.7, 2.6, 2.4, 1.3, 109.0
2021-08-02 17:00:00, 2078.3, 468.4, 0.0, 7.9, 43.9, 0.0, 628.9, 76.2, 0.2, 2.2, 2.4, 1.3, 1.1, 85.9
2021-08-03 01:00:00, 1488.1, 439.9, 0.0, 5.7, 38.3, 0.0, 630.6, 76.4, 0.1, 2.0, 2.6, 1.3, 0.4, 65.7
2021-08-03 09:00:00, 3072.9, 981.6, 257.6, 13.0, 60.7, 28.1, 633.0, 75.7, 7.8, 2.3, 15.8, 2.2, 1.7, 132.0
2021-08-03 17:00:00, 3734.4, 1299.6, 307.5, 8.9, 63.2, 2.0, 623.6, 76.3, 5.8, 3.7, 6.9, 1.3, 5.3, 127.4
2021-08-04 01:00:00, 2721.1, 810.6, 6.2, 7.0, 38.3, 0.2, 625.0, 109.3, 0.0, 2.8, 2.3, 1.2, 1.7, 79.1
2021-08-04 09:00:00, 3592.4, 1176.8, 38.0, 13.9, 43.8, 0.3, 628.9, 117.4, 7.3, 3.5, 7.6, 17.5, 16.0, 124.1
2021-08-04 17:00:00, 3963.2, 1222.5, 32.1, 13.2, 67.9, 0.3, 619.4, 93.0, 0.1, 4.8, 6.2, 245.8, 2.6, 150.3
2021-08-05 01:00:00, 3354.8, 891.8, 3.0, 6.3, 38.6, 0.2, 622.9, 76.0, 0.1, 2.4, 2.3, 11.7, 2.2, 98.9
2021-08-05 09:00:00, 3471.7, 976.7, 2.9, 9.3, 39.3, 0.2, 626.2, 75.1, 0.1, 2.5, 2.3, 4.6, 13.1, 101.9
2021-08-05 17:00:00, 3882.2, 1248.0, 379.7, 8.3, 57.0, 0.2, 616.6, 76.0, 0.2, 3.2, 3.1, 3.9, 2.3, 106.4
2021-08-06 01:00:00, 3422.8, 994.0, 34.0, 7.5, 41.8, 0.2, 622.4, 76.2, 0.1, 7.7, 2.3, 12.0, 2.2, 98.2
2021-08-06 09:00:00, 3487.3, 1010.2, 17.4, 10.9, 41.7, 0.2, 623.2, 75.2, 0.2, 3.0, 2.4, 4.9, 2.4, 104.3
2021-08-06 17:00:00, 3553.9, 1131.3, 13.8, 8.1, 76.5, 0.4, 614.5, 120.4, 0.2, 2.8, 3.1, 7.2, 5.6, 145.9
2021-08-07 01:00:00, 3420.8, 1018.3, 19.0, 8.3, 48.0, 0.2, 614.9, 157.0, 0.1, 3.9, 2.6, 13.2, 2.2, 116.0
2021-08-07 09:00:00, 3550.7, 1023.4, 9.2, 9.3, 42.0, 0.2, 615.9, 84.8, 7.0, 3.4, 2.3, 1.8, 2.3, 119.1
2021-08-07 17:00:00, 3727.3, 1235.2, 21.4, 8.6, 54.6, 0.3, 614.7, 196.4, 0.8, 3.4, 3.2, 1.2, 13.0, 136.8
2021-08-08 01:00:00, 3401.5, 880.6, 0.0, 6.2, 38.9, 0.2, 615.6, 75.9, 0.1, 2.3, 2.3, 1.2, 2.2, 56.9
2021-08-08 09:00:00, 3715.0, 1581.4, 117.7, 12.3, 118.9, 0.3, 611.5, 182.2, 1.8, 4.2, 4.1, 10.0, 2.2, 166.5
2021-08-08 17:00:00, 4339.8, 1825.3, 408.3, 11.0, 296.8, 0.4, 608.5, 140.8, 0.1, 3.2, 3.6, 247.4, 25.0, 129.9
2021-08-09 01:00:00, 3487.2, 1326.5, 3.2, 7.4, 39.0, 3.9, 614.3, 76.3, 0.1, 2.7, 2.1, 7.4, 2.1, 116.2
2021-08-09 09:00:00, 3764.7, 1538.0, 12.5, 11.9, 40.0, 13.4, 617.5, 75.3, 0.2, 2.9, 2.2, 8.6, 2.3, 153.9
2021-08-09 17:00:00, 3698.1, 1497.5, 14.9, 7.9, 57.0, 0.3, 609.5, 76.2, 0.2, 4.2, 2.2, 3.0, 9.9, 140.7
2021-08-10 01:00:00, 3569.7, 1403.8, 7.0, 7.5, 39.5, 0.3, 612.5, 76.3, 0.1, 3.1, 3.1, 9.7, 2.4, 135.3
2021-08-10 09:00:00, 3677.9, 1439.7, 11.7, 10.1, 42.9, 0.2, 611.2, 75.0, 4.9, 4.1, 2.1, 3.7, 18.9, 142.1
2021-08-10 17:00:00, 3981.8, 1598.6, 41.8, 12.0, 151.6, 0.4, 604.5, 75.9, 1.6, 3.8, 3.2, 200.7, 2.7, 159.9
2021-08-11 01:00:00, 3617.7, 1434.0, 2.9, 6.8, 40.3, 0.2, 606.5, 102.3, 0.1, 3.5, 2.1, 1.1, 2.3, 121.0
2021-08-11 09:00:00, 4150.7, 1665.2, 15.2, 12.0, 53.5, 0.3, 606.7, 170.1, 12.6, 2.9, 3.3, 222.8, 2.6, 197.2
2021-08-11 17:00:00, 4190.4, 1797.8, 33.1, 12.7, 283.4, 0.5, 601.8, 75.6, 0.1, 5.5, 3.2, 1.8, 7.3, 159.3
2021-08-12 01:00:00, 3677.4, 1446.5, 10.8, 7.5, 40.1, 0.3, 605.8, 76.4, 5.9, 3.6, 2.1, 8.4, 2.5, 144.3
2021-08-12 09:00:00, 3739.8, 1483.3, 18.0, 9.5, 39.3, 0.3, 606.2, 74.9, 1.2, 4.4, 2.2, 1.9, 12.4, 127.4
2021-08-12 17:00:00, 4435.9, 1908.3, 411.9, 12.9, 409.0, 0.5, 601.5, 75.5, 0.1, 4.0, 3.0, 226.0, 2.7, 222.5
2021-08-13 01:00:00, 3661.5, 1410.1, 32.2, 7.6, 40.6, 0.3, 605.6, 76.2, 0.1, 8.6, 2.1, 8.4, 2.3, 127.7
2021-08-13 09:00:00, 3811.6, 1582.7, 32.9, 11.2, 44.5, 2.8, 608.1, 75.3, 3.4, 4.4, 4.1, 1.9, 2.1, 142.7
2021-08-13 17:00:00, 4237.8, 1630.3, 19.6, 11.7, 148.2, 0.3, 600.2, 157.5, 0.1, 3.7, 3.9, 214.7, 2.8, 181.3
2021-08-14 01:00:00, 3653.1, 1374.1, 6.7, 7.7, 39.0, 0.3, 604.4, 76.2, 0.1, 2.8, 3.5, 10.9, 2.3, 119.7
2021-08-14 09:00:00, 3780.0, 1484.6, 27.0, 11.5, 47.1, 0.3, 611.1, 75.3, 0.1, 3.0, 2.3, 4.5, 13.0, 165.4
2021-08-14 17:00:00, 3612.6, 1467.7, 6.6, 9.0, 99.1, 0.4, 608.8, 159.5, 0.1, 3.4, 2.0, 1.3, 2.3, 119.8
2021-08-15 01:00:00, 3477.2, 1040.4, 7.3, 8.7, 37.9, 0.2, 615.8, 100.8, 0.1, 3.3, 2.3, 85.3, 2.3, 105.1
2021-08-15 09:00:00, 4229.2, 1503.2, 353.6, 11.7, 43.2, 0.3, 616.4, 152.2, 0.1, 3.3, 2.2, 271.2, 13.5, 144.1
2021-08-15 17:00:00, 4111.2, 1582.9, 522.6, 9.2, 53.4, 0.4, 607.8, 153.6, 0.2, 3.1, 2.0, 118.3, 2.3, 106.3
2021-08-16 01:00:00, 3196.9, 789.3, 3.3, 7.2, 37.6, 0.2, 614.1, 75.9, 0.1, 3.1, 2.3, 1.2, 2.1, 94.3
2021-08-16 09:00:00, 3383.2, 1028.9, 3.1, 7.0, 38.2, 0.2, 616.0, 75.2, 0.2, 2.9, 2.3, 2.2, 2.3, 88.4
2021-08-16 17:00:00, 3813.2, 1371.8, 408.9, 9.3, 53.6, 0.3, 607.5, 76.2, 0.2, 2.6, 2.1, 0.9, 2.1, 95.3
2021-08-17 01:00:00, 3323.6, 883.3, 3.2, 7.5, 41.9, 0.2, 607.5, 76.1, 0.1, 3.0, 2.3, 0.6, 2.1, 80.6
2021-08-17 09:00:00, 3349.6, 971.8, 3.2, 6.9, 37.4, 0.2, 607.5, 74.5, 0.2, 3.0, 2.2, 1.3, 2.1, 94.9
2021-08-17 17:00:00, 3706.7, 1102.8, 32.1, 16.2, 89.2, 0.3, 603.5, 75.8, 0.2, 4.4, 2.2, 218.7, 2.3, 111.4
2021-08-18 01:00:00, 3402.1, 979.2, 0.0, 6.8, 39.4, 0.2, 609.1, 76.1, 0.1, 6.7, 2.2, 3.7, 2.0, 91.5
2021-08-18 09:00:00, 3557.8, 1211.2, 25.7, 9.2, 74.1, 0.2, 611.2, 74.9, 9.0, 6.7, 2.2, 3.9, 14.0, 148.8
2021-08-18 17:00:00, 3976.9, 1539.0, 15.6, 11.0, 748.8, 0.6, 599.9, 74.9, 4.6, 7.6, 3.6, 204.7, 2.6, 104.1
2021-08-19 01:00:00, 3557.3, 1428.5, 18.8, 8.5, 609.3, 0.6, 602.4, 105.2, 0.1, 6.9, 2.8, 13.6, 2.2, 105.7
2021-08-19 09:00:00, 3605.1, 1197.3, 15.6, 8.9, 53.1, 0.2, 603.6, 192.5, 8.2, 7.2, 2.4, 8.2, 2.1, 145.6
2021-08-19 17:00:00, 3674.5, 1185.7, 12.0, 11.8, 76.5, 0.2, 597.4, 94.3, 10.9, 7.1, 3.1, 1.2, 2.3, 132.0
2021-08-20 01:00:00, 3551.8, 1105.0, 7.4, 7.6, 39.5, 0.2, 599.5, 80.1, 1.1, 7.1, 2.3, 8.3, 2.3, 132.6
2021-08-20 09:00:00, 3916.1, 1352.5, 275.2, 7.5, 39.3, 0.2, 601.3, 81.4, 3.8, 7.8, 2.5, 2.0, 2.3, 153.0
2021-08-20 17:00:00, 4177.9, 1807.5, 143.1, 11.7, 302.8, 33.5, 592.5, 160.8, 11.7, 7.6, 91.1, 0.8, 2.4, 207.8
2021-08-21 01:00:00, 3768.9, 1481.8, 45.0, 7.6, 70.4, 0.3, 596.9, 76.6, 0.1, 13.7, 99.6, 8.6, 2.2, 116.8
2021-08-21 09:00:00, 4022.7, 1540.6, 46.6, 15.4, 52.4, 0.2, 597.9, 75.1, 0.2, 9.5, 1.7, 209.8, 9.8, 194.6
2021-08-21 17:00:00, 3954.5, 1612.7, 39.0, 12.6, 90.4, 4.3, 588.5, 76.3, 0.2, 8.8, 32.6, 1.7, 2.5, 256.3
2021-08-22 01:00:00, 3798.9, 1347.5, 23.5, 9.0, 80.4, 0.3, 594.4, 108.8, 2.7, 4.4, 100.4, 15.0, 2.3, 163.0
2021-08-22 09:00:00, 3914.6, 952.0, 70.5, 8.7, 68.4, 0.2, 596.9, 290.9, 11.3, 4.8, 81.3, 27.7, 2.6, 156.1
2021-08-22 17:00:00, 4237.0, 1960.2, 365.0, 10.9, 444.7, 0.5, 587.4, 197.8, 0.4, 3.6, 3.5, 1.3, 20.1, 179.6
2021-08-23 01:00:00, 3589.8, 1402.9, 3.6, 7.3, 42.6, 0.3, 592.7, 76.4, 3.0, 3.4, 0.5, 8.3, 2.4, 101.3
2021-08-23 09:00:00, 2482.0, 1477.4, 17.9, 8.6, 125.0, 0.3, 618.5, 76.8, 4.5, 4.3, 0.8, 2.0, 2.4, 155.5
2021-08-23 17:00:00, 3977.6, 1545.2, 27.2, 10.5, 132.1, 0.3, 618.3, 76.3, 7.8, 4.2, 1.7, 275.5, 2.9, 146.2
2021-08-24 01:00:00, 3670.0, 1409.2, 3.4, 7.0, 42.2, 0.3, 622.4, 76.6, 1.2, 3.0, 0.5, 10.6, 2.4, 108.1
2021-08-24 09:00:00, 3770.1, 1489.4, 11.8, 9.7, 40.3, 0.2, 625.1, 75.3, 0.2, 3.8, 2.2, 9.2, 13.2, 165.1
2021-08-24 17:00:00, 4199.2, 1937.3, 389.8, 10.0, 482.3, 0.5, 616.4, 144.8, 0.1, 5.2, 3.3, 1.3, 13.2, 170.0
2021-08-25 01:00:00, 3602.3, 1411.1, 3.3, 6.3, 39.3, 0.3, 623.0, 106.7, 0.1, 3.0, 1.7, 6.4, 2.2, 142.9
2021-08-25 09:00:00, 3984.5, 1439.6, 40.2, 13.6, 55.6, 0.2, 624.8, 159.8, 14.4, 3.9, 1.1, 230.1, 19.4, 146.7
2021-08-25 17:00:00, 3757.8, 1420.0, 12.3, 8.4, 49.6, 0.3, 617.0, 76.1, 3.1, 4.1, 1.5, 3.9, 2.5, 162.0
2021-08-26 01:00:00, 3718.5, 1332.8, 30.8, 7.1, 43.1, 0.3, 620.2, 76.3, 0.1, 8.2, 0.5, 20.3, 2.4, 113.8
2021-08-26 09:00:00, 3793.5, 1339.8, 13.2, 8.9, 39.4, 0.2, 622.0, 75.1, 0.2, 4.5, 1.1, 4.6, 2.6, 123.9
2021-08-26 17:00:00, 4307.1, 1866.6, 349.0, 9.5, 255.2, 0.3, 613.8, 76.0, 2.1, 3.3, 1.8, 1.9, 2.5, 165.3
2021-08-27 01:00:00, 3705.6, 1395.5, 7.2, 7.6, 40.1, 3.7, 620.4, 76.3, 0.0, 3.3, 1.9, 8.7, 2.4, 113.8
2021-08-27 09:00:00, 3691.9, 1426.3, 5.8, 8.8, 39.3, 0.3, 627.1, 75.3, 0.1, 3.4, 1.2, 10.4, 2.5, 138.0
2021-08-27 17:00:00, 3759.9, 1491.1, 8.9, 9.2, 67.0, 0.3, 622.1, 99.8, 0.1, 2.9, 1.9, 1.2, 2.4, 121.7
2021-08-28 01:00:00, 3494.6, 1105.1, 6.0, 6.9, 41.7, 0.3, 624.1, 103.8, 0.1, 2.8, 1.9, 11.5, 2.1, 99.3
2021-08-28 09:00:00, 3760.6, 1409.0, 47.7, 12.8, 65.1, 0.7, 624.4, 120.7, 4.1, 3.3, 1.8, 8.7, 1.9, 136.2
2021-08-28 17:00:00, 3475.3, 993.3, 6.2, 8.2, 53.5, 0.3, 622.2, 75.5, 1.3, 2.9, 2.0, 1.1, 2.2, 90.7
2021-08-29 01:00:00, 3463.1, 1042.9, 16.8, 7.9, 132.4, 0.3, 623.4, 203.8, 0.0, 3.6, 1.5, 9.0, 2.2, 112.7
2021-08-29 09:00:00, 3484.2, 1236.7, 9.0, 8.6, 282.1, 0.3, 618.8, 264.5, 1.6, 2.9, 0.9, 1.7, 2.0, 112.8
2021-08-29 17:00:00, 3939.7, 1216.1, 24.2, 10.8, 83.4, 0.7, 613.0, 182.6, 0.2, 4.8, 1.1, 239.7, 2.7, 162.9
2021-08-30 01:00:00, 3583.9, 1089.5, 7.5, 7.1, 35.2, 0.3, 613.2, 76.2, 0.1, 2.7, 0.5, 3.7, 2.3, 134.5
2021-08-30 09:00:00, 3677.1, 1403.0, 0.0, 8.8, 35.4, 0.3, 614.0, 75.2, 0.2, 2.7, 1.0, 4.9, 2.4, 105.4
2021-08-30 17:00:00, 3880.9, 1509.5, 6.9, 9.3, 63.0, 0.3, 608.6, 189.4, 14.1, 2.6, 0.5, 199.6, 18.5, 115.9
2021-08-31 01:00:00, 3525.5, 1145.7, 6.4, 7.2, 37.1, 0.3, 613.2, 76.3, 0.2, 3.5, 0.5, 77.5, 2.3, 130.3
2021-08-31 09:00:00, 3708.3, 1368.3, 3.0, 9.3, 35.2, 0.2, 614.4, 75.0, 0.1, 2.3, 1.0, 121.3, 2.5, 88.9
2021-08-31 17:00:00, 3880.1, 1850.0, 343.8, 10.7, 439.4, 0.6, 609.1, 204.5, 0.2, 3.9, 0.6, 1.8, 16.6, 104.0
2021-09-01 01:00:00, 2293.6, 852.7, 3.3, 6.8, 33.0, 0.2, 614.5, 96.4, 1.4, 3.0, 0.6, 1.1, 1.2, 112.9
2021-09-01 09:00:00, 3425.7, 1117.6, 19.1, 10.9, 39.4, 0.2, 619.5, 153.3, 6.5, 3.2, 1.0, 10.6, 2.2, 101.2
2021-09-01 17:00:00, 2717.0, 1108.8, 29.6, 11.1, 126.7, 0.2, 612.8, 123.5, 0.4, 3.1, 1.7, 1.1, 10.5, 130.6
2021-09-02 01:00:00, 1657.8, 635.7, 3.0, 6.9, 33.4, 0.2, 615.1, 76.1, 0.1, 2.6, 0.7, 9.0, 0.6, 104.5
2021-09-02 09:00:00, 2397.2, 613.8, 10.5, 9.1, 34.2, 0.2, 618.9, 74.4, 0.1, 3.0, 1.1, 14.9, 1.5, 104.5
2021-09-02 17:00:00, 3115.0, 640.7, 7.1, 8.5, 80.5, 0.2, 608.2, 74.1, 0.1, 2.3, 1.0, 1.6, 32.1, 74.4
