2021-01-01 00:00:00, 18.404, 5.196, 0.414, 0.283, 0.726, 0.118, 3.426, 1.662, 0.109, 0.155, 7.741, 0.982, 0.713, 0.991
2021-01-02 00:00:00, 11.143, 4.765, 0.453, 0.210, 0.599, 0.116, 4.247, 1.677, 0.013, 0.177, 0.660, 0.857, 0.759, 0.996
2021-01-03 00:00:00, 17.828, 4.496, 0.159, 0.174, 0.631, 0.099, 4.271, 1.759, 0.034, 0.126, 9.565, 0.118, 0.586, 0.945
2021-01-04 00:00:00, 12.226, 3.680, 0.315, 0.209, 0.501, 0.140, 3.497, 1.184, 0.086, 0.129, 3.031, 0.116, 0.922, 0.885
2021-01-05 00:00:00, 16.761, 4.107, 0.363, 0.225, 0.433, 0.109, 3.642, 1.149, 0.083, 0.117, 7.006, 0.826, 0.736, 0.990
2021-01-06 00:00:00, 15.942, 5.030, 0.298, 0.210, 0.637, 0.102, 3.382, 1.633, 0.047, 0.109, 6.767, 0.233, 0.728, 0.853
2021-01-07 00:00:00, 19.163, 4.789, 0.380, 0.195, 0.414, 0.108, 4.790, 1.077, 0.032, 0.128, 10.266, 0.200, 0.597, 0.989
2021-01-08 00:00:00, 18.822, 4.753, 0.258, 0.200, 0.567, 0.153, 5.771, 0.922, 0.011, 0.099, 9.545, 0.780, 0.704, 0.871
2021-01-09 00:00:00, 18.402, 4.365, 0.211, 0.188, 0.600, 0.106, 4.419, 1.252, 0.045, 0.097, 9.698, 0.122, 0.825, 0.848
2021-01-10 00:00:00, 19.754, 4.788, 0.356, 0.208, 0.443, 0.099, 5.207, 1.496, 0.057, 0.095, 10.662, 0.938, 0.654, 0.860
2021-01-11 00:00:00, 20.848, 4.355, 0.313, 0.201, 0.531, 0.888, 3.671, 1.116, 0.011, 0.087, 11.893, 0.134, 0.680, 1.064
2021-01-12 00:00:00, 19.400, 3.992, 0.392, 0.212, 0.508, 1.383, 3.437, 1.091, 0.034, 0.108, 10.488, 0.067, 0.533, 0.991
2021-01-13 00:00:00, 12.653, 3.800, 0.241, 0.168, 0.458, 0.113, 3.681, 0.937, 0.070, 0.091, 11.084, 0.066, 0.574, 0.788
2021-01-14 00:00:00, 14.250, 3.475, 0.199, 0.177, 0.558, 0.133, 3.194, 0.931, 0.038, 0.086, 11.654, 0.904, 0.599, 0.833
2021-01-15 00:00:00, 13.840, 4.093, 0.286, 0.181, 0.618, 0.107, 3.235, 1.176, 0.038, 0.101, 11.697, 0.121, 0.782, 0.826
2021-01-16 00:00:00, 15.264, 3.827, 0.302, 0.204, 0.559, 0.100, 2.733, 0.930, 0.050, 0.114, 11.720, 0.795, 0.752, 0.907
2021-01-17 00:00:00, 14.827, 5.169, 0.537, 0.213, 0.825, 0.154, 3.597, 1.771, 0.058, 0.141, 11.718, 0.199, 0.724, 1.007
2021-01-18 00:00:00, 14.452, 3.828, 0.214, 0.209, 0.367, 0.107, 3.935, 1.235, 0.028, 0.109, 11.748, 0.984, 0.658, 0.971
2021-01-19 00:00:00, 14.394, 4.873, 0.366, 0.202, 0.659, 0.107, 5.323, 1.273, 0.056, 0.115, 11.806, 0.075, 0.808, 1.038
2021-01-20 00:00:00, 13.672, 4.719, 0.337, 0.211, 0.570, 0.105, 4.671, 1.389, 0.017, 0.106, 11.772, 0.112, 0.615, 0.995
2021-01-21 00:00:00, 14.433, 4.420, 0.466, 0.227, 0.644, 0.113, 5.263, 0.936, 0.049, 0.123, 11.795, 0.839, 0.795, 0.914
2021-01-22 00:00:00, 13.976, 4.400, 0.270, 0.192, 0.459, 0.157, 4.407, 1.111, 0.017, 0.100, 11.765, 0.096, 0.649, 0.863
2021-01-23 00:00:00, 14.713, 5.515, 0.381, 0.235, 0.564, 0.103, 5.882, 1.527, 0.021, 0.090, 11.820, 0.879, 0.703, 0.972
2021-01-24 00:00:00, 14.316, 5.895, 0.411, 0.222, 0.529, 0.111, 5.823, 1.825, 0.150, 0.092, 11.824, 0.070, 0.656, 0.891
2021-01-25 00:00:00, 7.453, 4.033, 0.336, 0.192, 0.439, 0.100, 4.875, 0.997, 0.066, 0.097, 4.572, 0.795, 0.557, 0.907
2021-01-26 00:00:00, 2.140, 2.970, 0.003, 0.139, 0.250, 0.099, 4.793, 0.914, 0.006, 0.061, 0.098, 0.121, 0.518, 0.538
2021-01-27 00:00:00, 2.130, 2.921, 0.003, 0.138, 0.244, 0.099, 4.639, 0.907, 0.006, 0.059, 0.099, 0.123, 0.529, 0.594
2021-01-28 00:00:00, 6.267, 4.688, 0.235, 0.175, 0.430, 0.125, 6.923, 0.945, 0.024, 0.073, 4.024, 0.132, 0.659, 0.755
2021-01-29 00:00:00, 14.319, 6.031, 0.350, 0.214, 0.556, 0.110, 6.926, 0.946, 0.046, 0.081, 11.834, 0.152, 0.797, 0.969
2021-01-30 00:00:00, 14.669, 6.129, 0.426, 0.220, 0.454, 0.115, 6.746, 1.035, 0.025, 0.083, 11.883, 0.214, 0.672, 0.925
2021-01-31 00:00:00, 15.568, 5.916, 0.483, 0.212, 0.478, 1.138, 6.700, 1.638, 0.010, 0.101, 11.860, 0.862, 0.803, 0.838
2021-02-01 00:00:00, 14.882, 5.836, 0.342, 0.222, 0.597, 0.109, 6.776, 1.276, 0.034, 0.078, 11.880, 0.520, 0.725, 0.828
2021-02-02 00:00:00, 15.096, 5.502, 0.376, 0.216, 0.688, 0.122, 5.288, 1.400, 0.009, 0.086, 11.590, 0.551, 0.836, 1.167
2021-02-03 00:00:00, 14.613, 4.664, 0.320, 0.215, 0.434, 0.156, 4.942, 1.204, 0.021, 0.075, 11.369, 0.872, 0.840, 1.007
2021-02-04 00:00:00, 13.867, 3.791, 0.403, 0.203, 0.416, 0.113, 2.904, 1.461, 0.007, 0.093, 11.943, 0.122, 0.686, 0.907
2021-02-05 00:00:00, 14.888, 4.198, 0.297, 0.205, 0.444, 0.135, 4.219, 1.404, 0.064, 0.078, 11.851, 1.002, 0.841, 0.967
2021-02-06 00:00:00, 13.785, 4.604, 0.329, 0.190, 0.394, 0.239, 5.208, 1.545, 0.022, 0.080, 11.864, 0.161, 0.695, 0.813
2021-02-07 00:00:00, 14.235, 5.200, 0.393, 0.212, 0.462, 0.156, 4.658, 1.619, 0.050, 0.080, 11.914, 0.098, 0.694, 0.932
2021-02-08 00:00:00, 14.777, 4.639, 0.462, 0.227, 0.512, 0.134, 5.080, 1.359, 0.047, 0.098, 11.908, 0.806, 0.874, 0.834
2021-02-09 00:00:00, 13.940, 4.384, 0.239, 0.209, 0.427, 0.116, 4.721, 1.406, 0.007, 0.072, 11.890, 0.158, 0.719, 0.906
2021-02-10 00:00:00, 14.570, 4.611, 0.325, 0.205, 0.502, 0.121, 5.026, 1.832, 0.015, 0.075, 11.969, 1.068, 0.670, 0.681
2021-02-11 00:00:00, 13.909, 4.451, 0.269, 0.215, 0.450, 0.251, 5.064, 1.033, 0.036, 0.070, 11.939, 0.105, 0.604, 0.976
2021-02-12 00:00:00, 14.088, 5.599, 0.353, 0.224, 0.580, 0.119, 6.368, 1.140, 0.046, 0.075, 11.886, 0.131, 0.642, 0.801
2021-02-13 00:00:00, 15.038, 5.473, 0.437, 0.221, 0.482, 0.116, 6.771, 1.043, 0.007, 0.089, 11.936, 0.839, 0.751, 0.710
2021-02-14 00:00:00, 14.736, 5.241, 0.387, 0.239, 0.444, 0.112, 5.247, 1.418, 0.010, 0.077, 11.937, 0.247, 0.749, 0.943
2021-02-15 00:00:00, 15.157, 4.521, 0.377, 0.232, 0.615, 0.275, 4.008, 1.408, 0.030, 0.072, 11.909, 0.779, 0.678, 0.919
2021-02-16 00:00:00, 14.434, 5.142, 0.322, 0.219, 0.692, 0.246, 5.772, 1.225, 0.007, 0.073, 11.884, 0.311, 0.577, 0.905
2021-02-17 00:00:00, 14.801, 4.757, 0.478, 0.226, 0.495, 0.237, 4.862, 1.872, 0.057, 0.095, 11.944, 0.509, 0.764, 0.899
2021-02-18 00:00:00, 15.011, 5.146, 0.309, 0.228, 0.396, 0.153, 5.317, 1.383, 0.008, 0.071, 11.918, 0.163, 1.004, 0.851
2021-02-19 00:00:00, 15.207, 4.553, 0.292, 0.210, 0.465, 0.192, 4.732, 1.208, 0.036, 0.072, 11.919, 0.860, 0.578, 0.799
2021-02-20 00:00:00, 13.823, 4.227, 0.318, 0.212, 0.565, 0.128, 4.981, 1.258, 0.051, 0.073, 11.974, 0.168, 0.703, 0.756
2021-02-21 00:00:00, 14.539, 4.944, 0.496, 0.230, 0.531, 0.158, 4.050, 1.795, 0.007, 0.092, 12.049, 0.539, 0.760, 0.731
2021-02-22 00:00:00, 16.171, 4.483, 0.333, 0.231, 0.511, 0.117, 4.074, 1.225, 0.039, 0.074, 11.796, 0.547, 0.663, 0.878
2021-02-23 00:00:00, 20.587, 4.253, 0.373, 0.218, 0.517, 0.191, 3.539, 1.208, 0.011, 0.073, 11.947, 0.359, 0.592, 0.879
2021-02-24 00:00:00, 21.447, 4.533, 0.452, 0.252, 0.584, 0.111, 2.947, 1.485, 0.044, 0.082, 12.009, 0.646, 0.718, 1.105
2021-02-25 00:00:00, 20.773, 4.365, 0.435, 0.214, 0.585, 0.241, 3.996, 0.933, 0.028, 0.096, 12.074, 0.431, 0.900, 0.947
2021-02-26 00:00:00, 12.564, 3.725, 0.285, 0.191, 0.448, 0.160, 3.526, 0.924, 0.013, 0.076, 3.872, 0.521, 0.596, 0.774
2021-02-27 00:00:00, 8.700, 4.236, 0.224, 0.177, 0.363, 0.108, 5.012, 0.905, 0.028, 0.079, 0.099, 0.114, 0.685, 0.772
2021-02-28 00:00:00, 8.697, 3.473, 0.214, 0.181, 0.362, 0.099, 3.457, 1.609, 0.013, 0.101, 0.098, 0.120, 0.544, 0.904
2021-03-01 00:00:00, 9.340, 3.772, 0.138, 0.169, 0.387, 0.106, 4.502, 0.899, 0.012, 0.311, 0.104, 0.142, 0.593, 0.965
2021-03-02 00:00:00, 9.047, 5.697, 0.149, 0.181, 0.354, 0.105, 8.973, 0.914, 0.026, 0.253, 0.104, 0.577, 0.599, 0.788
2021-03-03 00:00:00, 9.926, 4.677, 0.446, 0.204, 0.482, 0.100, 4.923, 1.328, 0.009, 0.196, 0.117, 0.560, 0.523, 0.911
2021-03-04 00:00:00, 8.791, 4.127, 0.152, 0.169, 0.328, 0.102, 5.837, 0.894, 0.008, 0.124, 0.101, 0.054, 0.502, 0.958
2021-03-05 00:00:00, 8.850, 4.555, 0.175, 0.165, 0.333, 0.104, 6.803, 0.891, 0.038, 0.105, 0.097, 0.110, 0.519, 0.855
2021-03-06 00:00:00, 8.902, 4.307, 0.128, 0.169, 0.309, 0.106, 6.402, 0.907, 0.015, 0.104, 0.095, 0.215, 0.661, 0.799
2021-03-07 00:00:00, 10.120, 5.477, 0.337, 0.198, 0.407, 0.108, 5.678, 1.722, 0.034, 0.103, 0.103, 0.947, 0.635, 0.954
2021-03-08 00:00:00, 9.259, 4.198, 0.185, 0.177, 0.345, 0.106, 5.833, 1.119, 0.006, 0.094, 0.096, 0.854, 0.668, 0.799
2021-03-09 00:00:00, 8.926, 4.259, 0.321, 0.176, 0.325, 0.176, 4.053, 0.898, 0.024, 0.107, 0.100, 0.151, 0.626, 0.834
2021-03-10 00:00:00, 9.158, 2.750, 0.256, 0.187, 0.381, 0.179, 2.173, 1.336, 0.031, 0.141, 0.100, 0.527, 0.616, 0.740
2021-03-11 00:00:00, 9.923, 3.017, 0.196, 0.169, 0.326, 0.117, 2.732, 0.896, 0.007, 0.733, 0.101, 0.586, 0.611, 0.970
2021-03-12 00:00:00, 9.634, 3.508, 0.235, 0.176, 0.389, 0.101, 3.713, 0.918, 0.019, 0.987, 0.095, 0.111, 0.598, 0.809
2021-03-13 00:00:00, 9.977, 4.077, 0.150, 0.165, 0.305, 0.101, 5.378, 1.191, 0.011, 0.702, 0.101, 0.859, 0.603, 0.686
2021-03-14 00:00:00, 10.433, 4.658, 0.243, 0.193, 0.350, 1.252, 5.413, 1.741, 0.067, 0.518, 0.121, 0.131, 0.604, 0.965
2021-03-15 00:00:00, 8.867, 4.754, 0.313, 0.164, 0.311, 0.108, 6.388, 1.097, 0.020, 0.399, 0.103, 0.120, 0.703, 0.866
2021-03-16 00:00:00, 9.416, 3.762, 0.177, 0.181, 0.307, 0.157, 5.029, 0.937, 0.012, 0.287, 0.101, 0.611, 0.705, 0.844
2021-03-17 00:00:00, 9.056, 3.907, 0.217, 0.174, 0.328, 0.100, 2.823, 2.176, 0.028, 0.281, 0.103, 0.532, 0.584, 0.621
2021-03-18 00:00:00, 9.426, 4.079, 0.190, 0.178, 0.313, 0.105, 4.383, 1.447, 0.008, 0.435, 0.106, 0.162, 0.600, 1.017
2021-03-19 00:00:00, 8.756, 3.739, 0.166, 0.166, 0.315, 0.108, 5.252, 0.926, 0.007, 0.366, 0.097, 0.132, 0.622, 0.830
2021-03-20 00:00:00, 9.422, 2.424, 0.173, 0.178, 0.284, 0.107, 2.440, 1.001, 0.023, 0.325, 0.102, 0.907, 0.648, 0.678
2021-03-21 00:00:00, 9.281, 2.820, 0.172, 0.171, 0.336, 0.114, 2.113, 1.126, 0.044, 0.343, 0.105, 0.140, 0.622, 0.832
2021-03-22 00:00:00, 9.065, 2.513, 0.335, 0.169, 0.320, 0.103, 2.153, 0.929, 0.021, 0.368, 0.370, 0.116, 0.627, 0.736
2021-03-23 00:00:00, 9.431, 2.254, 0.147, 0.172, 0.306, 0.102, 1.765, 0.922, 0.034, 0.334, 0.099, 0.853, 0.698, 0.704
2021-03-24 00:00:00, 9.246, 3.573, 0.206, 0.174, 0.375, 0.108, 2.912, 1.372, 0.010, 0.373, 0.103, 0.142, 0.554, 0.921
2021-03-25 00:00:00, 9.389, 2.079, 0.149, 0.159, 0.332, 0.105, 1.201, 0.941, 0.018, 0.505, 0.101, 0.113, 0.623, 0.833
2021-03-26 00:00:00, 11.190, 3.109, 0.186, 0.181, 0.472, 0.107, 2.303, 0.952, 0.010, 1.013, 0.096, 0.918, 0.570, 0.880
2021-03-27 00:00:00, 9.330, 3.660, 0.166, 0.165, 0.416, 0.101, 3.902, 1.356, 0.034, 0.857, 0.104, 0.142, 0.541, 0.827
2021-03-28 00:00:00, 9.853, 3.336, 0.256, 0.166, 0.492, 0.104, 2.439, 0.997, 0.028, 0.832, 0.114, 0.119, 0.606, 0.880
2021-03-29 00:00:00, 9.526, 3.237, 0.255, 0.171, 0.344, 0.105, 3.606, 0.947, 0.008, 0.741, 0.100, 0.114, 0.673, 0.707
2021-03-30 00:00:00, 9.689, 2.520, 0.215, 0.178, 0.381, 0.100, 1.851, 0.922, 0.013, 0.556, 0.138, 0.804, 0.625, 0.983
2021-03-31 00:00:00, 10.002, 3.828, 0.184, 0.181, 0.503, 0.116, 2.378, 1.194, 0.023, 0.521, 0.118, 0.135, 0.565, 1.584
2021-04-01 00:00:00, 9.751, 3.247, 0.281, 0.186, 0.367, 0.103, 3.240, 0.951, 0.031, 0.610, 0.110, 0.690, 0.702, 0.762
2021-04-02 00:00:00, 9.762, 4.847, 0.352, 0.194, 0.463, 0.110, 4.644, 1.588, 0.138, 0.467, 0.125, 0.344, 0.640, 0.857
2021-04-03 00:00:00, 9.216, 3.687, 0.183, 0.179, 0.553, 0.118, 4.068, 0.954, 0.011, 0.396, 0.108, 0.145, 0.718, 0.881
2021-04-04 00:00:00, 9.388, 2.720, 0.294, 0.171, 0.431, 0.108, 2.565, 0.960, 0.057, 0.374, 0.100, 0.094, 0.605, 0.715
2021-04-05 00:00:00, 10.153, 3.089, 0.170, 0.184, 0.353, 0.106, 2.864, 0.960, 0.040, 0.301, 0.112, 0.862, 0.688, 0.990
2021-04-06 00:00:00, 9.739, 2.646, 0.174, 0.193, 0.402, 0.107, 1.739, 0.949, 0.007, 0.255, 0.104, 0.120, 0.628, 1.035
2021-04-07 00:00:00, 9.391, 2.701, 0.221, 0.174, 0.472, 0.104, 1.867, 1.164, 0.029, 0.217, 0.105, 0.518, 0.659, 0.641
2021-04-08 00:00:00, 9.886, 2.711, 0.161, 0.169, 0.388, 0.103, 1.626, 1.213, 0.058, 0.191, 0.100, 0.586, 0.596, 0.996
2021-04-09 00:00:00, 9.098, 1.725, 0.175, 0.161, 0.385, 0.101, 0.391, 0.930, 0.007, 0.161, 0.099, 0.150, 0.571, 0.868
2021-04-10 00:00:00, 9.282, 2.546, 0.198, 0.172, 0.523, 0.104, 0.564, 1.193, 0.104, 0.142, 0.099, 0.130, 0.630, 0.929
2021-04-11 00:00:00, 9.268, 2.226, 0.198, 0.178, 0.297, 0.103, 0.387, 1.309, 0.063, 0.125, 0.107, 0.134, 0.663, 0.871
2021-04-12 00:00:00, 10.393, 2.171, 0.280, 0.189, 0.352, 0.100, 0.518, 1.028, 0.019, 0.129, 0.117, 0.927, 0.661, 0.786
2021-04-13 00:00:00, 9.447, 1.981, 0.292, 0.178, 0.378, 0.101, 0.383, 0.919, 0.007, 0.107, 0.104, 0.161, 0.617, 0.872
2021-04-14 00:00:00, 9.288, 2.532, 0.245, 0.187, 0.328, 0.173, 0.425, 1.381, 0.049, 0.103, 0.109, 0.142, 0.596, 0.673
2021-04-15 00:00:00, 8.978, 1.785, 0.136, 0.157, 0.303, 0.104, 0.944, 0.965, 0.025, 0.186, 0.106, 0.152, 0.550, 0.771
2021-04-16 00:00:00, 9.473, 2.646, 0.130, 0.160, 0.431, 0.104, 2.431, 0.920, 0.007, 0.482, 0.098, 0.146, 0.576, 0.683
2021-04-17 00:00:00, 10.472, 3.113, 0.252, 0.185, 0.453, 0.102, 1.935, 1.123, 0.039, 0.352, 0.104, 0.922, 0.625, 0.749
2021-04-18 00:00:00, 10.200, 3.096, 0.268, 0.192, 0.493, 0.102, 1.825, 1.168, 0.069, 0.365, 0.107, 0.246, 0.555, 0.960
2021-04-19 00:00:00, 10.129, 2.134, 0.332, 0.181, 0.349, 0.104, 0.857, 0.926, 0.010, 0.570, 0.104, 0.622, 0.642, 0.885
2021-04-20 00:00:00, 9.469, 2.816, 0.127, 0.161, 0.317, 0.106, 2.155, 1.690, 0.011, 0.351, 0.108, 0.502, 0.619, 0.738
2021-04-21 00:00:00, 9.892, 4.408, 0.304, 0.185, 0.380, 0.106, 3.918, 1.232, 0.054, 0.335, 0.103, 0.175, 0.587, 1.086
2021-04-22 00:00:00, 9.239, 3.105, 0.150, 0.161, 0.382, 0.108, 3.384, 1.041, 0.006, 0.369, 0.099, 0.134, 0.659, 0.885
2021-04-23 00:00:00, 10.064, 2.876, 0.159, 0.165, 0.299, 0.103, 2.951, 0.920, 0.007, 0.267, 0.108, 0.939, 0.662, 0.771
2021-04-24 00:00:00, 9.419, 2.549, 0.232, 0.193, 0.414, 0.123, 1.661, 1.007, 0.011, 0.183, 0.109, 0.161, 0.653, 0.834
2021-04-25 00:00:00, 10.176, 2.590, 0.207, 0.183, 0.379, 0.159, 1.354, 1.408, 0.007, 0.150, 0.115, 0.923, 0.585, 1.025
2021-04-26 00:00:00, 8.977, 2.892, 0.264, 0.172, 0.434, 0.105, 2.865, 0.912, 0.111, 0.134, 0.103, 0.127, 0.629, 0.758
2021-04-27 00:00:00, 9.765, 2.546, 0.156, 0.169, 0.315, 0.129, 1.448, 1.003, 0.011, 0.108, 0.112, 0.869, 0.604, 0.881
2021-04-28 00:00:00, 9.713, 2.604, 0.239, 0.170, 0.469, 0.131, 1.848, 0.919, 0.027, 0.258, 0.661, 0.174, 0.561, 0.740
2021-04-29 00:00:00, 9.350, 1.907, 0.206, 0.170, 0.387, 0.106, 0.598, 0.903, 0.010, 0.338, 0.102, 0.142, 0.598, 0.857
2021-04-30 00:00:00, 11.161, 2.683, 0.203, 0.182, 0.515, 0.105, 1.820, 1.005, 0.014, 0.909, 0.104, 1.016, 0.610, 0.816
2021-05-01 00:00:00, 9.727, 2.996, 0.182, 0.168, 0.330, 0.117, 2.627, 1.070, 0.016, 0.962, 0.115, 0.151, 0.620, 0.697
2021-05-02 00:00:00, 9.798, 3.411, 0.342, 0.179, 0.744, 0.101, 2.390, 1.067, 0.050, 0.662, 0.113, 0.137, 0.636, 0.864
2021-05-03 00:00:00, 10.056, 3.351, 0.352, 0.190, 0.421, 0.111, 2.636, 1.082, 0.014, 0.539, 0.111, 0.199, 0.572, 0.914
2021-05-04 00:00:00, 10.153, 2.015, 0.150, 0.165, 0.292, 0.102, 1.305, 0.903, 0.008, 0.449, 0.104, 0.958, 0.611, 0.684
2021-05-05 00:00:00, 9.620, 2.480, 0.280, 0.202, 0.404, 0.103, 0.594, 1.104, 0.063, 0.417, 0.116, 0.144, 0.608, 0.874
2021-05-06 00:00:00, 10.702, 2.138, 0.199, 0.197, 0.376, 0.107, 0.887, 0.920, 0.006, 0.318, 0.112, 0.912, 0.658, 0.814
2021-05-07 00:00:00, 9.794, 2.357, 0.202, 0.179, 0.415, 0.112, 0.992, 0.995, 0.007, 0.265, 0.110, 0.195, 0.569, 0.808
2021-05-08 00:00:00, 9.373, 2.545, 0.150, 0.168, 0.455, 0.100, 1.563, 1.428, 0.045, 0.326, 0.104, 0.147, 0.615, 0.769
2021-05-09 00:00:00, 10.333, 3.104, 0.246, 0.181, 0.658, 0.102, 2.105, 1.660, 0.078, 0.310, 0.108, 0.884, 0.657, 1.015
2021-05-10 00:00:00, 9.516, 2.149, 0.246, 0.160, 0.309, 0.101, 1.333, 1.092, 0.006, 0.239, 0.103, 0.137, 0.601, 0.841
2021-05-11 00:00:00, 9.579, 2.291, 0.253, 0.182, 0.361, 0.102, 1.374, 0.963, 0.015, 0.173, 0.102, 0.219, 0.674, 0.773
2021-05-12 00:00:00, 9.936, 1.864, 0.161, 0.174, 0.315, 0.104, 0.929, 1.058, 0.027, 0.135, 0.111, 0.929, 0.677, 0.810
2021-05-13 00:00:00, 9.162, 2.111, 0.167, 0.170, 0.317, 0.112, 0.791, 0.946, 0.007, 0.113, 0.122, 0.135, 0.599, 1.003
2021-05-14 00:00:00, 9.391, 1.640, 0.152, 0.166, 0.322, 0.103, 0.419, 0.889, 0.074, 0.103, 0.112, 0.121, 0.596, 0.793
2021-05-15 00:00:00, 11.512, 2.345, 0.274, 0.181, 0.330, 0.103, 0.391, 1.011, 0.019, 0.093, 0.107, 0.854, 0.591, 1.040
2021-05-16 00:00:00, 14.063, 4.739, 0.366, 0.166, 0.393, 0.103, 4.692, 1.228, 0.024, 0.096, 0.109, 0.198, 0.693, 1.021
2021-05-17 00:00:00, 14.520, 4.505, 0.334, 0.165, 0.324, 0.103, 5.313, 0.898, 0.073, 0.112, 0.104, 0.122, 0.708, 0.825
2021-05-18 00:00:00, 16.783, 6.800, 0.141, 0.162, 0.285, 0.112, 5.288, 0.976, 0.008, 0.080, 0.104, 1.053, 0.607, 0.905
2021-05-19 00:00:00, 19.644, 8.788, 0.406, 0.194, 1.018, 0.104, 5.275, 1.114, 0.060, 0.085, 0.120, 0.151, 0.599, 1.206
2021-05-20 00:00:00, 21.477, 8.961, 0.227, 0.168, 0.367, 0.102, 5.263, 0.991, 0.070, 0.076, 0.108, 0.141, 0.568, 1.123
2021-05-21 00:00:00, 25.531, 10.465, 0.335, 0.172, 0.387, 0.101, 5.234, 1.732, 0.032, 0.074, 0.107, 0.987, 0.551, 1.182
2021-05-22 00:00:00, 28.338, 11.276, 2.334, 0.169, 0.751, 0.101, 5.191, 1.440, 0.023, 0.076, 0.111, 0.215, 0.553, 1.255
2021-05-23 00:00:00, 23.567, 9.138, 1.375, 0.165, 0.669, 0.102, 5.170, 1.795, 0.018, 0.094, 0.115, 0.158, 0.574, 1.125
2021-05-24 00:00:00, 17.956, 7.526, 2.827, 0.183, 0.634, 0.103, 5.187, 1.220, 0.048, 0.082, 0.104, 0.777, 0.589, 1.061
2021-05-25 00:00:00, 15.429, 7.374, 1.416, 0.157, 0.366, 0.116, 5.139, 0.905, 0.007, 0.073, 0.104, 0.179, 0.839, 1.092
2021-05-26 00:00:00, 24.621, 9.675, 0.645, 0.179, 0.666, 0.127, 5.095, 1.340, 0.041, 0.086, 0.113, 0.141, 0.800, 1.401
2021-05-27 00:00:00, 21.118, 5.291, 1.201, 0.170, 0.372, 0.103, 5.145, 1.047, 0.021, 0.077, 0.106, 0.821, 0.729, 1.142
2021-05-28 00:00:00, 11.727, 4.412, 1.252, 0.152, 0.359, 0.151, 5.169, 0.911, 0.006, 0.076, 0.104, 0.162, 0.656, 0.952
2021-05-29 00:00:00, 12.589, 5.087, 1.582, 0.177, 0.794, 0.105, 5.159, 1.015, 0.044, 0.075, 0.108, 0.176, 0.608, 0.895
2021-05-30 00:00:00, 16.053, 6.495, 1.846, 0.184, 0.857, 0.102, 5.153, 1.833, 0.052, 0.074, 0.105, 0.872, 0.655, 1.180
2021-05-31 00:00:00, 11.023, 5.517, 0.387, 0.169, 0.651, 0.102, 5.127, 0.898, 0.007, 0.093, 0.113, 0.162, 0.610, 0.884
2021-06-01 00:00:00, 17.376, 6.528, 0.794, 0.166, 0.813, 0.101, 5.103, 1.023, 0.016, 0.078, 0.101, 0.866, 0.606, 0.931
2021-06-02 00:00:00, 19.214, 6.064, 1.422, 0.166, 0.559, 0.111, 5.102, 0.904, 0.010, 0.075, 0.117, 0.165, 0.572, 1.101
2021-06-03 00:00:00, 19.042, 8.706, 0.225, 0.173, 0.736, 1.185, 5.056, 1.650, 0.019, 0.075, 0.108, 0.142, 0.614, 1.121
2021-06-04 00:00:00, 21.458, 8.162, 0.320, 0.182, 0.683, 0.147, 5.039, 0.899, 0.010, 0.074, 0.105, 0.673, 0.576, 1.061
2021-06-05 00:00:00, 26.914, 10.997, 3.278, 0.166, 0.610, 0.100, 5.018, 1.302, 0.035, 0.073, 0.119, 0.364, 0.614, 1.109
2021-06-06 00:00:00, 28.588, 11.743, 2.929, 0.176, 0.638, 0.108, 5.010, 1.174, 0.103, 0.083, 0.133, 0.201, 0.564, 1.403
2021-06-07 00:00:00, 29.513, 11.652, 2.063, 0.164, 0.643, 0.101, 5.001, 0.922, 0.064, 0.101, 0.103, 0.175, 0.629, 1.124
2021-06-08 00:00:00, 28.842, 11.813, 0.294, 0.176, 0.646, 0.108, 4.986, 1.030, 0.023, 0.082, 0.112, 0.151, 0.581, 1.395
2021-06-09 00:00:00, 31.548, 13.156, 3.153, 0.189, 0.704, 0.103, 4.984, 0.996, 0.085, 0.092, 0.115, 0.854, 0.632, 1.553
2021-06-10 00:00:00, 26.307, 8.805, 1.655, 0.185, 0.639, 0.304, 5.012, 1.093, 0.047, 0.078, 0.206, 0.154, 0.575, 1.185
2021-06-11 00:00:00, 21.186, 7.466, 0.748, 0.178, 0.660, 0.100, 4.988, 0.947, 0.007, 0.076, 0.137, 1.046, 0.544, 1.058
2021-06-12 00:00:00, 22.686, 8.046, 0.971, 0.172, 0.716, 0.106, 4.971, 0.990, 0.051, 0.074, 0.112, 0.158, 0.594, 1.371
2021-06-13 00:00:00, 22.610, 9.060, 1.732, 0.180, 0.749, 0.105, 4.944, 1.435, 0.017, 0.084, 0.103, 0.193, 0.569, 1.401
2021-06-14 00:00:00, 21.809, 8.903, 0.286, 0.172, 0.660, 0.100, 4.919, 0.905, 0.030, 0.098, 0.105, 1.321, 0.603, 1.206
2021-06-15 00:00:00, 16.742, 6.621, 0.148, 0.155, 0.729, 0.102, 4.924, 0.934, 0.007, 0.075, 0.102, 0.275, 0.587, 0.997
2021-06-16 00:00:00, 15.316, 6.187, 0.597, 0.176, 0.698, 0.104, 4.940, 0.994, 0.093, 0.077, 0.123, 0.150, 0.776, 0.981
2021-06-17 00:00:00, 16.837, 6.689, 0.869, 0.172, 0.685, 0.114, 4.932, 1.063, 0.007, 0.082, 0.113, 0.897, 0.602, 1.356
2021-06-18 00:00:00, 14.506, 5.822, 0.164, 0.172, 0.655, 0.104, 4.907, 1.054, 0.008, 0.074, 0.103, 0.165, 0.587, 1.125
2021-06-19 00:00:00, 22.067, 8.686, 1.113, 0.178, 1.074, 0.102, 5.018, 1.055, 0.024, 0.085, 0.104, 0.160, 0.610, 1.470
2021-06-20 00:00:00, 28.044, 9.612, 0.851, 0.165, 0.677, 0.101, 5.493, 1.906, 0.027, 0.078, 0.110, 0.170, 0.651, 1.198
2021-06-21 00:00:00, 26.249, 9.606, 0.246, 0.159, 0.719, 0.101, 5.442, 1.121, 0.008, 0.098, 0.103, 0.188, 0.573, 1.307
2021-06-22 00:00:00, 20.131, 7.411, 0.115, 0.156, 0.617, 0.101, 5.475, 1.164, 0.007, 0.080, 0.104, 0.158, 0.607, 1.138
2021-06-23 00:00:00, 19.220, 8.090, 2.977, 0.181, 0.761, 0.102, 5.512, 1.149, 0.029, 0.074, 0.117, 0.936, 0.670, 1.323
2021-06-24 00:00:00, 24.330, 10.009, 4.994, 0.180, 0.801, 0.112, 5.510, 0.948, 0.007, 0.078, 0.129, 0.926, 0.608, 1.406
2021-06-25 00:00:00, 22.532, 8.366, 0.223, 0.175, 0.702, 0.161, 5.473, 0.899, 0.021, 0.074, 0.108, 0.148, 0.606, 1.195
2021-06-26 00:00:00, 27.091, 8.762, 0.135, 0.169, 0.641, 0.100, 5.438, 0.984, 0.030, 0.074, 0.116, 0.174, 0.577, 1.162
2021-06-27 00:00:00, 29.509, 10.968, 0.305, 0.187, 0.653, 0.101, 5.414, 1.247, 0.019, 0.091, 0.103, 0.808, 0.576, 1.571
2021-06-28 00:00:00, 31.357, 12.657, 1.951, 0.181, 0.653, 0.100, 5.399, 1.002, 0.007, 0.109, 0.103, 0.432, 0.586, 1.723
2021-06-29 00:00:00, 30.138, 12.323, 0.125, 0.165, 0.650, 0.111, 5.394, 0.949, 0.051, 0.086, 0.104, 0.617, 0.564, 1.592
2021-06-30 00:00:00, 29.895, 12.728, 0.279, 0.170, 0.563, 0.103, 5.362, 0.923, 0.063, 0.088, 0.105, 0.128, 0.583, 1.589
2021-07-01 00:00:00, 30.962, 13.243, 2.273, 0.188, 0.743, 0.101, 5.369, 1.725, 0.023, 0.086, 0.111, 0.142, 0.706, 1.714
2021-07-02 00:00:00, 28.375, 8.745, 0.177, 0.166, 0.612, 0.107, 5.398, 0.894, 0.055, 0.080, 0.105, 0.881, 0.556, 1.200
2021-07-03 00:00:00, 25.714, 6.988, 0.149, 0.160, 0.593, 0.101, 5.415, 1.136, 0.008, 0.084, 0.114, 0.146, 0.647, 0.970
2021-07-04 00:00:00, 24.877, 8.703, 0.183, 0.160, 0.875, 0.102, 5.408, 1.794, 0.016, 0.083, 0.105, 0.178, 0.697, 1.155
2021-07-05 00:00:00, 26.372, 8.775, 0.585, 0.183, 0.654, 0.102, 5.392, 1.336, 0.008, 0.095, 0.105, 0.810, 0.626, 1.086
2021-07-06 00:00:00, 28.400, 10.622, 0.199, 0.161, 0.568, 0.113, 5.343, 1.132, 0.009, 0.089, 0.104, 0.191, 0.572, 1.200
2021-07-07 00:00:00, 23.437, 8.246, 0.205, 0.165, 0.741, 0.174, 5.376, 1.300, 0.061, 0.081, 0.102, 0.733, 0.553, 1.114
2021-07-08 00:00:00, 22.204, 5.961, 0.165, 0.168, 0.719, 0.102, 5.386, 1.018, 0.007, 0.080, 0.102, 0.190, 0.651, 1.284
2021-07-09 00:00:00, 22.785, 6.337, 0.222, 0.187, 0.763, 0.100, 5.367, 0.968, 0.022, 0.070, 0.109, 0.774, 0.575, 0.991
2021-07-10 00:00:00, 23.255, 9.172, 0.197, 0.166, 0.643, 0.102, 5.377, 1.080, 0.006, 0.078, 0.103, 0.232, 0.629, 1.116
2021-07-11 00:00:00, 25.291, 8.908, 0.221, 0.175, 0.621, 0.100, 5.370, 1.229, 0.015, 0.081, 0.115, 0.924, 0.569, 1.084
2021-07-12 00:00:00, 27.225, 10.111, 0.311, 0.173, 0.647, 0.100, 5.369, 1.008, 0.010, 0.100, 0.105, 0.153, 0.593, 1.353
2021-07-13 00:00:00, 30.024, 11.359, 0.225, 0.181, 0.650, 0.097, 5.351, 1.085, 0.010, 0.084, 0.156, 0.802, 0.539, 1.399
2021-07-14 00:00:00, 21.062, 7.884, 0.160, 0.169, 0.624, 0.016, 5.319, 0.901, 0.075, 0.084, 0.098, 0.139, 0.614, 1.382
2021-07-15 00:00:00, 11.248, 3.858, 0.003, 0.146, 0.523, 0.003, 5.295, 0.899, 0.006, 0.079, 0.098, 0.092, 0.583, 1.236
2021-07-16 00:00:00, 11.323, 3.858, 0.017, 0.142, 0.507, 0.003, 5.288, 0.900, 0.006, 0.078, 0.098, 0.090, 0.571, 1.240
2021-07-17 00:00:00, 14.603, 5.392, 0.164, 0.165, 0.598, 0.004, 5.308, 1.031, 0.058, 0.084, 0.103, 0.087, 0.556, 1.282
2021-07-18 00:00:00, 29.773, 11.878, 0.315, 0.178, 0.668, 0.018, 5.309, 1.151, 0.044, 0.093, 0.107, 0.741, 0.581, 1.580
2021-07-19 00:00:00, 28.987, 11.687, 0.149, 0.159, 0.594, 0.004, 5.285, 0.909, 0.011, 0.088, 0.097, 0.142, 0.597, 1.230
2021-07-20 00:00:00, 29.477, 12.029, 0.159, 0.159, 0.569, 0.004, 5.271, 0.903, 0.019, 0.087, 0.101, 0.762, 0.559, 1.355
2021-07-21 00:00:00, 28.688, 11.604, 0.271, 0.167, 0.849, 0.005, 5.298, 1.070, 0.081, 0.104, 0.113, 0.121, 0.601, 1.306
2021-07-22 00:00:00, 27.878, 9.956, 0.132, 0.166, 0.716, 0.005, 5.331, 0.901, 0.013, 0.081, 0.104, 0.138, 0.586, 1.285
2021-07-23 00:00:00, 28.545, 10.053, 0.252, 0.185, 0.736, 0.092, 5.337, 0.895, 0.012, 0.083, 0.110, 0.845, 0.616, 1.191
2021-07-24 00:00:00, 27.889, 9.833, 1.229, 0.162, 0.598, 0.005, 5.306, 0.851, 0.093, 0.086, 0.120, 0.218, 0.579, 1.344
2021-07-25 00:00:00, 29.245, 11.145, 0.235, 0.175, 0.707, 0.005, 5.247, 1.744, 0.014, 0.089, 0.111, 0.150, 0.566, 1.470
2021-07-26 00:00:00, 30.710, 11.837, 0.156, 0.173, 0.661, 0.006, 5.248, 1.186, 0.008, 0.080, 0.108, 0.772, 0.655, 1.357
2021-07-27 00:00:00, 27.413, 7.874, 0.198, 0.165, 0.693, 0.006, 5.278, 0.926, 0.048, 0.081, 0.115, 0.199, 0.612, 1.180
2021-07-28 00:00:00, 24.733, 7.705, 0.190, 0.175, 0.663, 0.018, 5.223, 1.132, 0.098, 0.085, 0.153, 0.120, 0.617, 1.231
2021-07-29 00:00:00, 24.242, 7.233, 0.412, 0.168, 0.607, 0.005, 5.211, 0.892, 0.008, 0.099, 0.104, 0.875, 0.719, 1.300
2021-07-30 00:00:00, 24.033, 6.937, 0.919, 0.181, 0.686, 0.005, 5.209, 0.899, 0.012, 0.080, 0.105, 0.916, 0.685, 1.337
2021-07-31 00:00:00, 16.254, 5.055, 0.272, 0.190, 0.649, 0.006, 5.200, 0.996, 0.037, 0.087, 0.100, 0.207, 0.574, 1.293
2021-08-01 00:00:00, 11.074, 3.703, 0.003, 0.142, 0.508, 0.003, 5.182, 0.903, 0.006, 0.068, 0.097, 0.089, 0.551, 1.017
2021-08-02 00:00:00, 14.874, 3.780, 0.003, 0.144, 0.513, 0.003, 5.191, 0.901, 0.007, 0.069, 0.099, 0.100, 0.599, 0.956
2021-08-03 00:00:00, 22.444, 7.713, 2.280, 0.172, 0.653, 0.119, 5.188, 0.903, 0.074, 0.078, 0.187, 0.096, 0.586, 1.148
2021-08-04 00:00:00, 27.696, 9.005, 0.313, 0.201, 0.605, 0.102, 5.156, 1.157, 0.044, 0.088, 0.130, 0.447, 0.594, 1.332
2021-08-05 00:00:00, 29.819, 8.847, 1.561, 0.155, 0.557, 0.100, 5.140, 0.904, 0.007, 0.076, 0.103, 0.529, 0.588, 1.099
2021-08-06 00:00:00, 28.600, 8.783, 0.276, 0.166, 0.638, 0.102, 5.119, 1.031, 0.008, 0.099, 0.102, 0.162, 0.583, 1.294
2021-08-07 00:00:00, 29.316, 9.218, 0.211, 0.164, 0.591, 0.100, 5.096, 1.475, 0.045, 0.086, 0.104, 0.119, 0.570, 1.303
2021-08-08 00:00:00, 31.583, 12.081, 2.099, 0.180, 1.553, 0.100, 5.075, 1.403, 0.016, 0.084, 0.112, 0.812, 0.601, 1.356
2021-08-09 00:00:00, 29.936, 12.281, 0.133, 0.168, 0.563, 0.151, 5.081, 0.917, 0.009, 0.084, 0.098, 0.148, 0.566, 1.507
2021-08-10 00:00:00, 30.739, 12.559, 0.254, 0.182, 0.853, 0.100, 5.050, 0.917, 0.040, 0.090, 0.106, 0.696, 0.589, 1.574
2021-08-11 00:00:00, 32.689, 13.741, 0.216, 0.188, 1.257, 0.100, 5.014, 1.256, 0.072, 0.092, 0.106, 0.708, 0.549, 1.738
2021-08-12 00:00:00, 32.585, 13.768, 1.771, 0.181, 1.600, 0.100, 5.005, 0.910, 0.042, 0.094, 0.099, 0.747, 0.568, 1.669
2021-08-13 00:00:00, 31.727, 13.165, 0.355, 0.180, 0.847, 0.109, 5.010, 1.156, 0.024, 0.110, 0.110, 0.398, 0.536, 1.768
2021-08-14 00:00:00, 30.585, 12.242, 0.171, 0.175, 0.736, 0.100, 5.024, 1.143, 0.007, 0.083, 0.102, 0.478, 0.586, 1.475
2021-08-15 00:00:00, 32.750, 12.032, 3.547, 0.177, 0.553, 0.100, 5.069, 1.403, 0.006, 0.084, 0.097, 1.437, 0.581, 1.304
2021-08-16 00:00:00, 28.654, 9.094, 1.673, 0.151, 0.543, 0.100, 5.056, 0.900, 0.008, 0.079, 0.097, 0.088, 0.558, 1.007
2021-08-17 00:00:00, 28.213, 8.244, 0.150, 0.181, 0.656, 0.098, 5.023, 0.893, 0.007, 0.081, 0.095, 0.417, 0.524, 1.065
2021-08-18 00:00:00, 30.132, 10.450, 0.189, 0.169, 2.437, 0.099, 5.021, 0.908, 0.075, 0.148, 0.098, 0.967, 0.557, 1.259
2021-08-19 00:00:00, 29.646, 10.891, 0.197, 0.179, 2.593, 0.099, 4.974, 1.404, 0.103, 0.152, 0.100, 0.147, 0.521, 1.371
2021-08-20 00:00:00, 31.960, 12.047, 1.728, 0.168, 1.274, 0.189, 4.952, 1.136, 0.093, 0.157, 0.285, 0.104, 0.540, 1.682
2021-08-21 00:00:00, 32.173, 13.156, 0.544, 0.213, 0.805, 0.119, 4.926, 0.956, 0.009, 0.193, 0.436, 0.693, 0.555, 2.063
2021-08-22 00:00:00, 32.952, 12.120, 1.852, 0.178, 1.912, 0.100, 4.919, 1.921, 0.080, 0.100, 0.804, 0.194, 0.591, 1.795
2021-08-23 00:00:00, 27.436, 12.438, 0.206, 0.169, 1.239, 0.100, 5.038, 0.924, 0.086, 0.092, 0.052, 0.881, 0.540, 1.522
2021-08-24 00:00:00, 32.018, 13.777, 1.621, 0.169, 1.814, 0.100, 5.144, 1.109, 0.013, 0.094, 0.060, 0.146, 0.605, 1.654
2021-08-25 00:00:00, 31.063, 12.079, 0.235, 0.174, 0.598, 0.099, 5.153, 1.224, 0.096, 0.089, 0.054, 0.763, 0.587, 1.602
2021-08-26 00:00:00, 32.460, 12.925, 1.577, 0.162, 1.158, 0.100, 5.125, 0.920, 0.017, 0.109, 0.050, 0.166, 0.555, 1.423
2021-08-27 00:00:00, 30.554, 12.172, 0.094, 0.159, 0.593, 0.112, 5.146, 0.973, 0.005, 0.083, 0.057, 0.130, 0.557, 1.417
2021-08-28 00:00:00, 29.501, 10.077, 0.252, 0.171, 0.632, 0.101, 5.168, 1.102, 0.035, 0.080, 0.060, 0.127, 0.523, 1.188
2021-08-29 00:00:00, 29.805, 9.684, 0.211, 0.165, 1.645, 0.099, 5.128, 2.031, 0.014, 0.085, 0.047, 0.778, 0.523, 1.298
2021-08-30 00:00:00, 30.431, 11.182, 0.063, 0.156, 0.560, 0.099, 5.060, 1.215, 0.057, 0.075, 0.042, 0.687, 0.591, 1.391
2021-08-31 00:00:00, 30.753, 12.452, 1.416, 0.164, 1.658, 0.100, 5.058, 1.202, 0.029, 0.080, 0.042, 0.658, 0.595, 1.141
2021-09-01 00:00:00, 23.362, 8.815, 0.221, 0.172, 0.809, 0.099, 5.080, 1.314, 0.048, 0.080, 0.049, 0.105, 0.552, 1.213
2021-09-02 00:00:00, 18.194, 5.216, 0.084, 0.152, 0.555, 0.099, 5.080, 0.885, 0.006, 0.077, 0.046, 0.157, 0.595, 1.139
